index, time stamp, mode, thrust, roll, pitch, yaw, ae0, ae1, ae2, ae3, phi, theta, psi, sp, sq, sr, bat_volt, temperature, pressure
0, 853121, 0, 0, 0, 0, 0, 0, 0, 0, 0, 0, 0, 0, 0, 0, 0, 588, 0, 0
1, 900191, 0, 0, 0, 0, 0, 0, 0, 0, 0, 188, -60, -18, -44, -33, -35, 581, 0, 0
2, 950440, 0, 0, 0, 0, 0, 0, 0, 0, 0, 223, -109, -37, -44, -32, -35, 574, 2433, 103491
3, 1000009, 0, 0, 0, 0, 0, 0, 0, 0, 0, 256, -157, -55, -44, -33, -35, 560, 2433, 103491
4, 1050429, 0, 0, 0, 0, 0, 0, 0, 0, 0, 288, -203, -74, -45, -32, -35, 574, 2433, 103491
5, 1100205, 0, 0, 0, 0, 0, 0, 0, 0, 0, 319, -248, -92, -45, -32, -34, 574, 2435, 103493
6, 1150254, 0, 0, 0, 0, 0, 0, 0, 0, 0, 349, -291, -110, -45, -33, -35, 560, 2435, 103493
7, 1200186, 0, 0, 0, 0, 0, 0, 0, 0, 0, 377, -333, -128, -44, -33, -35, 574, 2435, 103493
8, 1250438, 0, 0, 0, 0, 0, 0, 0, 0, 0, 405, -373, -146, -44, -33, -35, 574, 2437, 103495
9, 1300007, 0, 0, 0, 0, 0, 0, 0, 0, 0, 432, -411, -163, -44, -32, -35, 560, 2437, 103495
10, 1350425, 0, 0, 0, 0, 0, 0, 0, 0, 0, 459, -449, -181, -44, -33, -35, 574, 2437, 103495
11, 1403298, 0, 0, 0, 0, 0, 0, 0, 0, 0, 489, -493, -202, -43, -32, -35, 574, 2437, 103494
12, 1453273, 0, 0, 0, 0, 0, 0, 0, 0, 0, 513, -528, -219, -44, -32, -35, 560, 2437, 103494
13, 1503111, 0, 0, 0, 0, 0, 0, 0, 0, 0, 535, -562, -237, -45, -32, -35, 574, 2437, 103494
14, 1553281, 0, 0, 0, 0, 0, 0, 0, 0, 0, 557, -594, -254, -44, -32, -36, 574, 2437, 103492
15, 1602770, 0, 0, 0, 0, 0, 0, 0, 0, 0, 579, -626, -271, -44, -33, -35, 560, 2437, 103492
16, 1653078, 0, 0, 0, 0, 0, 0, 0, 0, 0, 599, -656, -288, -44, -32, -35, 574, 2437, 103492
17, 1702775, 0, 0, 0, 0, 0, 0, 0, 0, 0, 619, -686, -305, -45, -33, -35, 574, 2437, 103489
18, 1752742, 0, 0, 0, 0, 0, 0, 0, 0, 0, 638, -715, -322, -44, -32, -35, 560, 2437, 103489
19, 1802555, 0, 0, 0, 0, 0, 0, 0, 0, 0, 656, -742, -339, -44, -32, -35, 574, 2437, 103489
20, 1852707, 0, 0, 0, 0, 0, 0, 0, 0, 0, 674, -769, -356, -44, -33, -35, 574, 2438, 103490
21, 1902187, 0, 0, 0, 0, 0, 0, 0, 0, 0, 691, -795, -373, -44, -32, -35, 560, 2438, 103490
22, 1952529, 0, 0, 0, 0, 0, 0, 0, 0, 0, 707, -821, -390, -44, -32, -35, 574, 2438, 103490
23, 2002183, 0, 0, 0, 0, 0, 0, 0, 0, 0, 723, -845, -407, -44, -32, -35, 574, 2437, 103488
24, 2052142, 0, 0, 0, 0, 0, 0, 0, 0, 0, 739, -868, -423, -44, -32, -35, 560, 2437, 103488
25, 2101980, 0, 0, 0, 0, 0, 0, 0, 0, 0, 754, -892, -440, -44, -32, -35, 574, 2437, 103488
26, 2152157, 0, 0, 0, 0, 0, 0, 0, 0, 0, 769, -914, -457, -45, -32, -35, 574, 2437, 103488
27, 2201610, 0, 0, 0, 0, 0, 0, 0, 0, 0, 782, -935, -474, -45, -32, -35, 560, 2437, 103488
28, 2251953, 0, 0, 0, 0, 0, 0, 0, 0, 0, 795, -956, -490, -44, -32, -35, 574, 2437, 103488
29, 2301626, 0, 0, 0, 0, 0, 0, 0, 0, 0, 808, -975, -507, -43, -33, -36, 574, 2437, 103488
30, 2351588, 0, 0, 0, 0, 0, 0, 0, 0, 0, 820, -994, -524, -44, -33, -35, 560, 2437, 103488
31, 2401441, 0, 0, 0, 0, 0, 0, 0, 0, 0, 832, -1012, -540, -45, -32, -35, 574, 2437, 103488
32, 2451583, 0, 0, 0, 0, 0, 0, 0, 0, 0, 843, -1030, -557, -44, -32, -35, 574, 2438, 103488
33, 2501072, 0, 0, 0, 0, 0, 0, 0, 0, 0, 855, -1047, -574, -44, -33, -35, 560, 2438, 103488
34, 2551368, 0, 0, 0, 0, 0, 0, 0, 0, 0, 865, -1064, -591, -45, -32, -35, 574, 2438, 103488
35, 2601064, 0, 0, 0, 0, 0, 0, 0, 0, 0, 875, -1081, -607, -43, -32, -35, 574, 2438, 103487
36, 2651020, 0, 0, 0, 0, 0, 0, 0, 0, 0, 885, -1096, -624, -44, -32, -35, 560, 2438, 103487
37, 2700861, 0, 0, 0, 0, 0, 0, 0, 0, 0, 894, -1111, -640, -45, -33, -35, 574, 2438, 103487
38, 2750999, 0, 0, 0, 0, 0, 0, 0, 0, 0, 903, -1126, -657, -44, -32, -35, 574, 2438, 103487
39, 2800484, 0, 0, 0, 0, 0, 0, 0, 0, 0, 912, -1140, -674, -44, -32, -36, 560, 2438, 103487
40, 2850800, 0, 0, 0, 0, 0, 0, 0, 0, 0, 920, -1153, -691, -44, -33, -36, 574, 2438, 103487
41, 2900944, 0, 0, 0, 0, 0, 0, 0, 0, 0, 928, -1166, -708, -44, -32, -35, 574, 2437, 103486
42, 2950998, 0, 0, 0, 0, 0, 0, 0, 0, 0, 936, -1179, -725, -44, -32, -35, 560, 2437, 103486
43, 3000847, 0, 0, 0, 0, 0, 0, 0, 0, 0, 944, -1191, -741, -44, -32, -35, 574, 2437, 103486
44, 3050993, 0, 0, 0, 0, 0, 0, 0, 0, 0, 950, -1203, -758, -44, -33, -36, 574, 2438, 103486
45, 3100463, 0, 0, 0, 0, 0, 0, 0, 0, 0, 957, -1214, -775, -45, -33, -35, 560, 2438, 103486
46, 3150687, 0, 0, 0, 0, 0, 0, 0, 0, 0, 964, -1225, -792, -45, -33, -35, 574, 2438, 103486
47, 3200175, 0, 0, 0, 0, 0, 0, 0, 0, 0, 970, -1235, -809, -45, -34, -35, 574, 2438, 103485
48, 3250224, 0, 0, 0, 0, 0, 0, 0, 0, 0, 976, -1245, -826, -45, -33, -35, 560, 2438, 103485
49, 3300155, 0, 0, 0, 0, 0, 0, 0, 0, 0, 982, -1255, -843, -45, -33, -35, 574, 2438, 103485
50, 3350404, 0, 0, 0, 0, 0, 0, 0, 0, 0, 988, -1265, -859, -44, -33, -35, 574, 2438, 103487
51, 3399976, 0, 0, 0, 0, 0, 0, 0, 0, 0, 994, -1274, -876, -44, -32, -35, 560, 2438, 103487
52, 3450395, 0, 0, 0, 0, 0, 0, 0, 0, 0, 1000, -1284, -893, -45, -32, -35, 574, 2438, 103487
53, 3500169, 0, 0, 0, 0, 0, 0, 0, 0, 0, 1005, -1293, -910, -44, -32, -35, 574, 2438, 103484
54, 3550217, 0, 0, 0, 0, 0, 0, 0, 0, 0, 1010, -1301, -926, -44, -32, -35, 560, 2438, 103484
55, 3600152, 0, 0, 0, 0, 0, 0, 0, 0, 0, 1014, -1309, -943, -45, -32, -35, 574, 2438, 103484
56, 3650401, 0, 0, 0, 0, 0, 0, 0, 0, 0, 1018, -1317, -960, -44, -33, -35, 574, 2438, 103482
57, 3699971, 0, 0, 0, 0, 0, 0, 0, 0, 0, 1023, -1325, -977, -44, -32, -36, 560, 2438, 103482
58, 3750391, 0, 0, 0, 0, 0, 0, 0, 0, 0, 1027, -1332, -994, -44, -32, -35, 574, 2438, 103482
59, 3800166, 0, 0, 0, 0, 0, 0, 0, 0, 0, 1031, -1339, -1010, -45, -32, -34, 574, 2438, 103484
60, 3850215, 0, 0, 0, 0, 0, 0, 0, 0, 0, 1035, -1346, -1027, -44, -32, -35, 560, 2438, 103484
61, 3900148, 0, 0, 0, 0, 0, 0, 0, 0, 0, 1039, -1352, -1044, -43, -32, -36, 574, 2438, 103484
62, 3950394, 0, 0, 0, 0, 0, 0, 0, 0, 0, 1043, -1359, -1061, -44, -32, -35, 574, 2438, 103480
63, 3999965, 0, 0, 0, 0, 0, 0, 0, 0, 0, 1046, -1365, -1078, -44, -32, -35, 560, 2438, 103480
64, 4050386, 0, 0, 0, 0, 0, 0, 0, 0, 0, 1049, -1371, -1095, -44, -32, -35, 574, 2438, 103480
65, 4100161, 0, 0, 0, 0, 0, 0, 0, 0, 0, 1053, -1377, -1112, -44, -32, -35, 574, 2437, 103478
66, 4150208, 0, 0, 0, 0, 0, 0, 0, 0, 0, 1056, -1382, -1129, -44, -33, -35, 560, 2437, 103478
67, 4200142, 0, 0, 0, 0, 0, 0, 0, 0, 0, 1059, -1388, -1145, -44, -32, -35, 574, 2437, 103478
68, 4250390, 0, 0, 0, 0, 0, 0, 0, 0, 0, 1062, -1393, -1162, -43, -32, -35, 574, 2439, 103481
69, 4299963, 0, 0, 0, 0, 0, 0, 0, 0, 0, 1065, -1398, -1179, -43, -32, -35, 560, 2439, 103481
70, 4350381, 0, 0, 0, 0, 0, 0, 0, 0, 0, 1067, -1404, -1196, -44, -32, -35, 574, 2439, 103481
71, 4400155, 0, 0, 0, 0, 0, 0, 0, 0, 0, 1069, -1408, -1213, -44, -32, -35, 574, 2438, 103479
72, 4450204, 0, 0, 0, 0, 0, 0, 0, 0, 0, 1072, -1413, -1229, -44, -32, -35, 560, 2438, 103479
73, 4500139, 0, 0, 0, 0, 0, 0, 0, 0, 0, 1074, -1417, -1246, -43, -32, -35, 574, 2438, 103479
74, 4550414, 0, 0, 0, 0, 0, 0, 0, 0, 0, 1076, -1421, -1263, -44, -34, -35, 574, 2438, 103475
75, 4599957, 0, 0, 0, 0, 0, 0, 0, 0, 0, 1078, -1425, -1280, -44, -33, -35, 560, 2438, 103475
76, 4650376, 0, 0, 0, 0, 0, 0, 0, 0, 0, 1080, -1429, -1297, -45, -32, -35, 574, 2438, 103475
77, 4700151, 0, 0, 0, 0, 0, 0, 0, 0, 0, 1082, -1433, -1314, -44, -33, -36, 574, 2438, 103477
78, 4750199, 0, 0, 0, 0, 0, 0, 0, 0, 0, 1084, -1436, -1330, -43, -32, -35, 560, 2438, 103477
79, 4800133, 0, 0, 0, 0, 0, 0, 0, 0, 0, 1086, -1440, -1347, -45, -32, -35, 574, 2438, 103477
80, 4850381, 0, 0, 0, 0, 0, 0, 0, 0, 0, 1088, -1443, -1364, -44, -33, -35, 574, 2438, 103478
81, 4899953, 0, 0, 0, 0, 0, 0, 0, 0, 0, 1090, -1447, -1381, -45, -32, -35, 560, 2438, 103478
82, 4950373, 0, 0, 0, 0, 0, 0, 0, 0, 0, 1091, -1450, -1398, -44, -32, -34, 574, 2438, 103478
83, 5000147, 0, 0, 0, 0, 0, 0, 0, 0, 0, 1093, -1453, -1414, -44, -32, -34, 574, 2438, 103478
84, 5050196, 0, 0, 0, 0, 0, 0, 0, 0, 0, 1095, -1455, -1431, -44, -32, -35, 560, 2438, 103478
85, 5100129, 0, 0, 0, 0, 0, 0, 0, 0, 0, 1096, -1459, -1448, -45, -32, -35, 574, 2438, 103478
86, 5150416, 0, 0, 0, 0, 0, 0, 0, 0, 0, 1097, -1462, -1465, -44, -32, -35, 574, 2438, 103476
87, 5199949, 0, 0, 0, 0, 0, 0, 0, 0, 0, 1099, -1464, -1482, -44, -32, -35, 560, 2438, 103476
88, 5250366, 0, 0, 0, 0, 0, 0, 0, 0, 0, 1100, -1467, -1499, -44, -32, -36, 574, 2438, 103476
89, 5300142, 0, 0, 0, 0, 0, 0, 0, 0, 0, 1102, -1470, -1516, -45, -32, -36, 574, 2438, 103479
90, 5350192, 0, 0, 0, 0, 0, 0, 0, 0, 0, 1103, -1472, -1533, -44, -33, -35, 560, 2438, 103479
91, 5400124, 0, 0, 0, 0, 0, 0, 0, 0, 0, 1104, -1475, -1550, -45, -32, -35, 574, 2438, 103479
92, 5450371, 0, 0, 0, 0, 0, 0, 0, 0, 0, 1105, -1477, -1567, -44, -32, -35, 574, 2438, 103477
93, 5499945, 0, 0, 0, 0, 0, 0, 0, 0, 0, 1106, -1479, -1584, -45, -33, -35, 560, 2438, 103477
94, 5550364, 0, 0, 0, 0, 0, 0, 0, 0, 0, 1107, -1482, -1601, -44, -32, -36, 574, 2438, 103477
95, 5600137, 0, 0, 0, 0, 0, 0, 0, 0, 0, 1108, -1484, -1618, -45, -32, -35, 574, 2437, 103479
96, 5650185, 0, 0, 0, 0, 0, 0, 0, 0, 0, 1109, -1486, -1634, -45, -33, -35, 560, 2437, 103479
97, 5700119, 0, 0, 0, 0, 0, 0, 0, 0, 0, 1109, -1488, -1651, -44, -33, -35, 574, 2437, 103479
98, 5750368, 0, 0, 0, 0, 0, 0, 0, 0, 0, 1110, -1490, -1668, -44, -32, -35, 574, 2437, 103480
99, 5799938, 0, 0, 0, 0, 0, 0, 0, 0, 0, 1111, -1491, -1685, -45, -33, -35, 560, 2437, 103480
100, 5850358, 0, 0, 0, 0, 0, 0, 0, 0, 0, 1112, -1493, -1702, -45, -32, -35, 581, 2437, 103480
101, 5900133, 0, 0, 0, 0, 0, 0, 0, 0, 0, 1112, -1495, -1718, -45, -32, -35, 574, 2437, 103481
102, 5950182, 0, 0, 0, 0, 0, 0, 0, 0, 0, 1113, -1497, -1735, -45, -33, -35, 560, 2437, 103481
103, 6000117, 0, 0, 0, 0, 0, 0, 0, 0, 0, 1114, -1499, -1752, -44, -33, -35, 574, 2437, 103481
104, 6050363, 0, 0, 0, 0, 0, 0, 0, 0, 0, 1115, -1500, -1769, -44, -31, -35, 574, 2438, 103480
105, 6099935, 0, 0, 0, 0, 0, 0, 0, 0, 0, 1115, -1501, -1786, -44, -32, -35, 560, 2438, 103480
106, 6150354, 0, 0, 0, 0, 0, 0, 0, 0, 0, 1116, -1503, -1803, -44, -33, -35, 574, 2438, 103480
107, 6200128, 0, 0, 0, 0, 0, 0, 0, 0, 0, 1117, -1504, -1819, -44, -33, -35, 574, 2437, 103480
108, 6250178, 0, 0, 0, 0, 0, 0, 0, 0, 0, 1118, -1505, -1837, -44, -32, -35, 560, 2437, 103480
109, 6300111, 0, 0, 0, 0, 0, 0, 0, 0, 0, 1119, -1506, -1853, -45, -32, -35, 574, 2437, 103480
110, 6350359, 0, 0, 0, 0, 0, 0, 0, 0, 0, 1119, -1508, -1870, -44, -33, -35, 574, 2437, 103479
111, 6399929, 0, 0, 0, 0, 0, 0, 0, 0, 0, 1119, -1509, -1887, -45, -33, -35, 560, 2437, 103479
112, 6450347, 0, 0, 0, 0, 0, 0, 0, 0, 0, 1120, -1510, -1904, -44, -32, -36, 574, 2437, 103479
113, 6500122, 0, 0, 0, 0, 0, 0, 0, 0, 0, 1120, -1511, -1921, -44, -32, -35, 574, 2437, 103482
114, 6550173, 0, 0, 0, 0, 0, 0, 0, 0, 0, 1121, -1512, -1938, -45, -32, -35, 560, 2437, 103482
115, 6600106, 0, 0, 0, 0, 0, 0, 0, 0, 0, 1122, -1513, -1955, -44, -32, -35, 574, 2437, 103482
116, 6650355, 0, 0, 0, 0, 0, 0, 0, 0, 0, 1122, -1514, -1972, -44, -32, -35, 574, 2437, 103480
117, 6699925, 0, 0, 0, 0, 0, 0, 0, 0, 0, 1123, -1514, -1989, -44, -33, -35, 560, 2437, 103480
118, 6750353, 0, 0, 0, 0, 0, 0, 0, 0, 0, 1123, -1515, -2005, -44, -32, -35, 574, 2437, 103480
119, 6803169, 0, 0, 0, 0, 0, 0, 0, 0, 0, 1124, -1516, -2026, -45, -32, -35, 574, 2437, 103483
120, 6853145, 0, 0, 0, 0, 0, 0, 0, 0, 0, 1124, -1517, -2042, -44, -33, -35, 560, 2437, 103483
121, 6902983, 0, 0, 0, 0, 0, 0, 0, 0, 0, 1125, -1518, -2059, -44, -32, -35, 574, 2437, 103483
122, 6953140, 0, 0, 0, 0, 0, 0, 0, 0, 0, 1125, -1518, -2076, -45, -32, -35, 574, 2437, 103479
123, 7002634, 0, 0, 0, 0, 0, 0, 0, 0, 0, 1125, -1519, -2093, -45, -32, -35, 560, 2437, 103479
124, 7052954, 0, 0, 0, 0, 0, 0, 0, 0, 0, 1125, -1520, -2110, -44, -32, -35, 574, 2437, 103479
125, 7102645, 0, 0, 0, 0, 0, 0, 0, 0, 0, 1125, -1521, -2127, -45, -32, -35, 574, 2436, 103482
126, 7152614, 0, 0, 0, 0, 0, 0, 0, 0, 0, 1126, -1522, -2144, -44, -32, -36, 560, 2436, 103482
127, 7202445, 0, 0, 0, 0, 0, 0, 0, 0, 0, 1127, -1523, -2161, -45, -32, -35, 574, 2436, 103482
128, 7252597, 0, 0, 0, 0, 0, 0, 0, 0, 0, 1127, -1523, -2178, -44, -32, -36, 574, 2437, 103484
129, 7302078, 2, 0, 0, 0, 0, 0, 0, 0, 0, 1127, -1524, -2195, -44, -32, -36, 560, 2437, 103484
130, 7352407, 2, 0, 0, 0, 0, 0, 0, 0, 0, 1127, -1525, -2212, -44, -32, -35, 574, 2437, 103484
131, 7402093, 2, 0, 0, 0, 0, 0, 0, 0, 0, 1128, -1525, -2229, -44, -31, -35, 574, 2437, 103487
132, 7452050, 2, 0, 0, 0, 0, 0, 0, 0, 0, 1128, -1526, -2245, -44, -33, -35, 560, 2437, 103487
133, 7501885, 2, 0, 0, 0, 0, 0, 0, 0, 0, 1128, -1526, -2262, -44, -33, -35, 574, 2437, 103487
134, 7552045, 2, 0, 0, 0, 0, 0, 0, 0, 0, 1128, -1527, -2279, -44, -33, -35, 574, 2437, 103487
135, 7601526, 2, 0, 0, 0, 0, 0, 0, 0, 0, 1129, -1527, -2296, -44, -33, -35, 560, 2437, 103487
136, 7651851, 2, 0, 0, 0, 0, 0, 0, 0, 0, 1129, -1528, -2313, -44, -33, -36, 574, 2437, 103487
137, 7701538, 2, 0, 0, 0, 0, 0, 0, 0, 0, 1130, -1528, -2330, -45, -32, -35, 574, 2436, 103484
138, 7751656, 2, 0, 0, 0, 0, 0, 0, 0, 0, 1130, -1529, -2347, -45, -32, -35, 560, 2436, 103484
139, 7801341, 2, 0, 0, 0, 0, 0, 0, 0, 0, 1130, -1529, -2364, -45, -32, -36, 574, 2436, 103484
140, 7851501, 2, 0, 0, 0, 0, 0, 0, 0, 0, 1130, -1530, -2381, -45, -33, -35, 574, 2437, 103490
141, 7900967, 2, 0, 0, 0, 0, 0, 0, 0, 0, 1130, -1530, -2398, -45, -32, -35, 560, 2437, 103490
142, 7951299, 2, 0, 0, 0, 0, 0, 0, 0, 0, 1130, -1531, -2415, -44, -33, -35, 574, 2437, 103490
143, 8000980, 2, 0, 0, 0, 0, 0, 0, 0, 0, 1130, -1531, -2431, -44, -32, -35, 574, 2436, 103487
144, 8050941, 2, 0, 0, 0, 0, 0, 0, 0, 0, 1130, -1531, -2448, -44, -33, -35, 560, 2436, 103487
145, 8100782, 2, 0, 0, 0, 0, 0, 0, 0, 0, 1130, -1531, -2465, -44, -33, -35, 574, 2436, 103487
146, 8150947, 2, 0, 0, 0, 0, 0, 0, 0, 0, 1130, -1531, -2482, -44, -32, -35, 574, 2436, 103487
147, 8200431, 2, 0, 0, 0, 0, 0, 0, 0, 0, 1130, -1532, -2499, -45, -33, -35, 560, 2436, 103487
148, 8250760, 2, 0, 0, 0, 0, 0, 0, 0, 0, 1130, -1533, -2516, -44, -32, -35, 574, 2436, 103487
149, 8300435, 2, 0, 0, 0, 0, 0, 0, 0, 0, 1130, -1533, -2533, -44, -32, -35, 574, 2436, 103490
150, 8350392, 2, 0, 0, 0, 0, 0, 0, 0, 0, 1131, -1533, -2550, -44, -32, -35, 560, 2436, 103490
151, 8400217, 2, 0, 0, 0, 0, 0, 0, 0, 0, 1131, -1533, -2567, -44, -32, -35, 574, 2436, 103490
152, 8450376, 2, 0, 0, 0, 0, 0, 0, 0, 0, 1131, -1534, -2583, -45, -32, -35, 574, 2436, 103492
153, 8499897, 2, 0, 0, 0, 0, 0, 0, 0, 0, 1131, -1534, -2600, -44, -32, -35, 560, 2436, 103492
154, 8550317, 2, 0, 0, 0, 0, 0, 0, 0, 0, 1131, -1534, -2617, -45, -32, -35, 574, 2436, 103492
155, 8600092, 2, 0, 0, 0, 0, 0, 0, 0, 0, 1131, -1535, -2634, -45, -33, -35, 574, 2436, 103489
156, 8650140, 2, 0, 0, 0, 0, 0, 0, 0, 0, 1132, -1535, -2651, -44, -32, -35, 560, 2436, 103489
157, 8700076, 2, 0, 0, 0, 0, 0, 0, 0, 0, 1132, -1535, -2668, -44, -32, -35, 574, 2436, 103489
158, 8750320, 2, 0, 0, 0, 0, 0, 0, 0, 0, 1132, -1536, -2685, -42, -31, -36, 574, 2436, 103493
159, 8799893, 2, 1161, 0, 0, 0, 145, 145, 145, 145, 1132, -1536, -2702, -43, -31, -36, 560, 2436, 103493
160, 8850311, 2, 1161, 0, 0, 0, 145, 145, 145, 145, 1132, -1536, -2719, -44, -32, -35, 574, 2436, 103493
161, 8900087, 2, 1161, 0, 0, 0, 145, 145, 145, 145, 1132, -1536, -2735, -44, -33, -35, 574, 2435, 103491
162, 8950136, 2, 1161, 0, 0, 0, 145, 145, 145, 145, 1132, -1536, -2752, -44, -33, -35, 560, 2435, 103491
163, 9000071, 2, 2047, 0, 0, 0, 255, 255, 255, 255, 1132, -1536, -2769, -44, -32, -35, 574, 2435, 103491
164, 9050317, 2, 2047, 0, 0, 0, 255, 255, 255, 255, 1132, -1536, -2786, -44, -33, -35, 574, 2436, 103491
165, 9099889, 2, 1266, 0, 0, -256, 158, 158, 158, 158, 1133, -1536, -2803, -44, -33, -35, 560, 2436, 103491
166, 9150307, 2, 1266, 0, 0, -256, 158, 158, 158, 158, 1133, -1536, -2820, -44, -32, -35, 574, 2436, 103491
167, 9200081, 2, 0, 0, 0, 0, 0, 0, 0, 0, 1133, -1537, -2837, -45, -32, -35, 574, 2436, 103489
168, 9250130, 2, 0, 0, 0, 0, 0, 0, 0, 0, 1133, -1537, -2853, -45, -32, -35, 560, 2436, 103489
169, 9300065, 2, 0, 0, 0, 0, 0, 0, 0, 0, 1132, -1537, -2870, -44, -32, -35, 574, 2436, 103489
170, 9350312, 2, 0, 0, 0, 0, 0, 0, 0, 0, 1133, -1537, -2887, -44, -33, -35, 574, 2436, 103490
171, 9399883, 2, 0, 0, 0, 0, 0, 0, 0, 0, 1133, -1537, -2904, -44, -32, -35, 560, 2436, 103490
172, 9450302, 2, 0, 0, 0, 0, 0, 0, 0, 0, 1133, -1538, -2921, -44, -33, -35, 574, 2436, 103490
173, 9500079, 2, 0, 0, 0, 0, 0, 0, 0, 0, 1132, -1538, -2938, -45, -32, -36, 574, 2435, 103484
174, 9550126, 2, 0, 0, 0, 0, 0, 0, 0, 0, 1132, -1538, -2955, -44, -33, -35, 560, 2435, 103484
175, 9600059, 2, 928, 0, 0, 0, 116, 116, 116, 116, 1133, -1538, -2972, -44, -33, -35, 574, 2435, 103484
176, 9650307, 2, 928, 0, 0, 0, 116, 116, 116, 116, 1133, -1538, -2989, -43, -33, -35, 574, 2435, 103484
177, 9699880, 2, 2047, 0, 0, 0, 255, 255, 255, 255, 1133, -1538, -3006, -45, -32, -35, 560, 2435, 103484
178, 9750297, 2, 2047, 0, 0, 0, 255, 255, 255, 255, 1133, -1537, -3023, -44, -33, -35, 574, 2435, 103484
179, 9800072, 2, 2047, 0, 0, 0, 255, 255, 255, 255, 1133, -1537, -3040, -43, -32, -35, 574, 2436, 103480
180, 9850122, 2, 2047, 0, 0, 0, 255, 255, 255, 255, 1133, -1537, -3057, -44, -33, -35, 560, 2436, 103480
181, 9900054, 2, 2047, 0, 0, 0, 255, 255, 255, 255, 1133, -1537, -3074, -45, -32, -35, 574, 2436, 103480
182, 9950305, 2, 2047, 0, 0, 0, 255, 255, 255, 255, 1133, -1538, -3090, -44, -32, -36, 574, 2436, 103479
183, 9999875, 2, 2047, 0, 0, 0, 255, 255, 255, 255, 1133, -1538, -3107, -45, -32, -35, 560, 2436, 103479
184, 10050294, 2, 2047, 0, 0, 0, 255, 255, 255, 255, 1133, -1538, -3124, -44, -33, -35, 574, 2436, 103479
185, 10100068, 2, 2047, 0, 0, 0, 255, 255, 255, 255, 1133, -1538, -3141, -44, -33, -34, 574, 2435, 103475
186, 10150119, 2, 2047, 0, 0, 0, 255, 255, 255, 255, 1133, -1538, -3158, -44, -32, -36, 560, 2435, 103475
187, 10200051, 2, 1836, 0, 0, -16, 231, 227, 231, 227, 1133, -1538, -3175, -45, -33, -35, 574, 2435, 103475
188, 10250299, 2, 1836, 0, 0, -16, 231, 227, 231, 227, 1133, -1538, -3192, -45, -33, -35, 574, 2435, 103473
189, 10299871, 2, 1963, 0, 0, 0, 245, 245, 245, 245, 1133, -1538, -3209, -45, -33, -35, 560, 2435, 103473
190, 10350291, 2, 1963, 0, 0, 0, 245, 245, 245, 245, 1133, -1537, -3226, -45, -34, -35, 574, 2435, 103473
191, 10400065, 2, 1963, 0, 0, 0, 245, 245, 245, 245, 1132, -1538, -3243, -45, -32, -35, 574, 2435, 103472
192, 10450113, 2, 1963, 0, 0, 0, 245, 245, 245, 245, 1133, -1538, -3260, -44, -32, -35, 560, 2435, 103472
193, 10500046, 2, 2047, 0, 0, 0, 255, 255, 255, 255, 1132, -1538, -3277, -44, -33, -35, 574, 2435, 103472
194, 10550295, 2, 2047, 0, 0, 0, 255, 255, 255, 255, 1133, -1538, -3294, -44, -32, -35, 574, 2435, 103473
195, 10599866, 2, 2047, 0, 0, 0, 255, 255, 255, 255, 1133, -1538, -3310, -45, -32, -35, 560, 2435, 103473
196, 10650286, 2, 2047, 0, 0, 0, 255, 255, 255, 255, 1133, -1538, -3327, -45, -32, -35, 574, 2435, 103473
197, 10700059, 2, 2047, 0, 0, 0, 255, 255, 255, 255, 1133, -1538, -3344, -45, -32, -35, 574, 2435, 103471
198, 10750106, 2, 2047, 0, 0, 0, 255, 255, 255, 255, 1132, -1538, -3361, -44, -32, -35, 560, 2435, 103471
199, 10800042, 2, 2047, 0, 0, 0, 255, 255, 255, 255, 1132, -1539, -3378, -45, -32, -35, 574, 2435, 103471
200, 10850291, 2, 2047, 0, 0, 0, 255, 255, 255, 255, 1133, -1539, -3395, -43, -32, -35, 574, 2435, 103468
201, 10899860, 2, 2047, 0, 0, 0, 255, 255, 255, 255, 1133, -1539, -3412, -43, -32, -35, 560, 2435, 103468
202, 10950281, 2, 2047, 0, 0, 0, 255, 255, 255, 255, 1133, -1539, -3429, -45, -33, -35, 574, 2435, 103468
203, 11000054, 2, 2047, 0, 0, 0, 255, 255, 255, 255, 1133, -1539, -3446, -44, -32, -35, 574, 2434, 103469
204, 11050103, 2, 2047, 0, 0, 0, 255, 255, 255, 255, 1133, -1540, -3463, -44, -32, -35, 560, 2434, 103469
205, 11100036, 2, 2047, 0, 0, 0, 255, 255, 255, 255, 1133, -1539, -3480, -45, -32, -35, 574, 2434, 103469
206, 11150284, 2, 2047, 0, 0, 0, 255, 255, 255, 255, 1132, -1540, -3496, -45, -32, -35, 574, 2435, 103470
207, 11199856, 2, 2047, 0, 0, 0, 255, 255, 255, 255, 1133, -1540, -3514, -45, -32, -35, 560, 2435, 103470
208, 11250277, 2, 2047, 0, 0, 0, 255, 255, 255, 255, 1133, -1540, -3530, -44, -32, -35, 574, 2435, 103470
209, 11300050, 2, 2047, 0, 0, 0, 255, 255, 255, 255, 1133, -1540, -3547, -44, -32, -35, 574, 2435, 103470
210, 11350099, 2, 2047, 0, 0, 0, 255, 255, 255, 255, 1133, -1541, -3564, -44, -32, -35, 560, 2435, 103470
211, 11400034, 2, 2047, 0, 0, 0, 255, 255, 255, 255, 1133, -1541, -3581, -44, -32, -35, 574, 2435, 103470
212, 11450282, 2, 2047, 0, 0, 0, 255, 255, 255, 255, 1133, -1541, -3598, -44, -32, -35, 574, 2434, 103466
213, 11499851, 2, 2047, 0, 0, 0, 255, 255, 255, 255, 1133, -1541, -3615, -44, -32, -36, 560, 2434, 103466
214, 11550270, 2, 2047, 0, 0, 0, 255, 255, 255, 255, 1133, -1541, -3633, -44, -32, -37, 574, 2434, 103466
215, 11600044, 2, 2047, 0, 0, 0, 255, 255, 255, 255, 1133, -1541, -3649, -44, -31, -35, 574, 2434, 103467
216, 11650094, 2, 2047, 0, 0, 0, 255, 255, 255, 255, 1133, -1540, -3666, -44, -32, -35, 560, 2434, 103467
217, 11700028, 2, 2047, 0, 0, 0, 255, 255, 255, 255, 1132, -1540, -3683, -44, -33, -36, 574, 2434, 103467
218, 11750274, 2, 2047, 0, 0, 0, 255, 255, 255, 255, 1132, -1540, -3700, -44, -32, -35, 574, 2434, 103466
219, 11799846, 2, 2047, 0, 0, 0, 255, 255, 255, 255, 1132, -1540, -3717, -44, -32, -35, 560, 2434, 103466
220, 11850268, 2, 2047, 0, 0, 0, 255, 255, 255, 255, 1132, -1540, -3734, -44, -32, -36, 581, 2434, 103466
221, 11900042, 2, 2047, 0, 0, 0, 255, 255, 255, 255, 1132, -1540, -3751, -44, -32, -35, 574, 2435, 103469
222, 11950089, 2, 2047, 0, 0, 0, 255, 255, 255, 255, 1132, -1541, -3768, -44, -32, -35, 560, 2435, 103469
223, 12000024, 2, 2047, 0, 0, 0, 255, 255, 255, 255, 1132, -1541, -3785, -44, -33, -36, 574, 2435, 103469
224, 12050270, 2, 2047, 0, 0, 0, 255, 255, 255, 255, 1132, -1542, -3803, -45, -32, -36, 574, 2435, 103470
225, 12099842, 2, 2047, 0, 0, 0, 255, 255, 255, 255, 1132, -1541, -3820, -45, -32, -36, 560, 2435, 103470
226, 12150268, 2, 2047, 0, 0, 0, 255, 255, 255, 255, 1132, -1541, -3837, -44, -32, -35, 574, 2435, 103470
227, 12200036, 2, 2047, 0, 0, 0, 255, 255, 255, 255, 1132, -1541, -3854, -44, -32, -35, 574, 2435, 103467
228, 12250089, 2, 2047, 0, 0, 0, 255, 255, 255, 255, 1132, -1541, -3871, -44, -32, -35, 560, 2435, 103467
229, 12300023, 2, 2047, 0, 0, 0, 255, 255, 255, 255, 1132, -1541, -3887, -44, -33, -35, 574, 2435, 103467
230, 12353339, 2, 2047, 0, 0, 0, 255, 255, 255, 255, 1132, -1541, -3908, -44, -33, -35, 574, 2435, 103471
231, 12402818, 2, 2047, 0, 0, 0, 255, 255, 255, 255, 1133, -1541, -3925, -44, -33, -34, 560, 2435, 103471
232, 12453154, 2, 2047, 0, 0, 0, 255, 255, 255, 255, 1133, -1541, -3941, -44, -33, -34, 574, 2435, 103471
233, 12502841, 2, 2047, 0, 0, 0, 255, 255, 255, 255, 1133, -1541, -3958, -44, -33, -36, 574, 2434, 103468
234, 12552809, 2, 2047, 0, 0, 0, 255, 255, 255, 255, 1133, -1540, -3975, -45, -33, -35, 560, 2434, 103468
235, 12602656, 2, 2047, 0, 0, 0, 255, 255, 255, 255, 1133, -1540, -3992, -44, -32, -35, 574, 2434, 103468
236, 12652796, 2, 2047, 0, 0, 0, 255, 255, 255, 255, 1133, -1540, -4009, -44, -33, -35, 574, 2435, 103470
237, 12702283, 2, 2047, 0, 0, 0, 255, 255, 255, 255, 1133, -1541, -4026, -44, -32, -35, 560, 2435, 103470
238, 12752624, 2, 2047, 0, 0, 0, 255, 255, 255, 255, 1133, -1541, -4043, -44, -33, -35, 574, 2435, 103470
239, 12802302, 2, 2047, 0, 0, 0, 255, 255, 255, 255, 1133, -1541, -4060, -44, -32, -36, 574, 2434, 103469
240, 12852253, 2, 2047, 0, 0, 0, 255, 255, 255, 255, 1133, -1542, -4077, -44, -32, -35, 560, 2434, 103469
241, 12902108, 2, 2047, 0, 0, 0, 255, 255, 255, 255, 1133, -1541, -4094, -43, -32, -35, 574, 2434, 103469
242, 12952272, 2, 2047, 0, 0, 0, 255, 255, 255, 255, 1133, -1541, -4111, -45, -33, -36, 574, 2435, 103471
243, 13001766, 2, 2047, 0, 0, 0, 255, 255, 255, 255, 1133, -1541, -4127, -43, -33, -35, 560, 2435, 103471
244, 13052079, 2, 2047, 0, 0, 0, 255, 255, 255, 255, 1133, -1541, -4144, -44, -32, -35, 574, 2435, 103471
245, 13101783, 2, 2047, 0, 0, 0, 255, 255, 255, 255, 1133, -1541, -4161, -44, -32, -35, 574, 2434, 103472
246, 13151731, 2, 2047, 0, 0, 0, 255, 255, 255, 255, 1132, -1541, -4178, -44, -32, -35, 560, 2434, 103472
247, 13201577, 2, 2047, 0, 0, 0, 255, 255, 255, 255, 1133, -1541, -4195, -44, -32, -35, 574, 2434, 103472
248, 13251736, 2, 2047, 0, 0, 0, 255, 255, 255, 255, 1133, -1541, -4212, -44, -32, -35, 574, 2434, 103470
249, 13301228, 2, 2047, 0, 0, 0, 255, 255, 255, 255, 1133, -1541, -4228, -43, -32, -35, 560, 2434, 103470
250, 13351549, 2, 2047, 0, 0, 0, 255, 255, 255, 255, 1134, -1542, -4245, -45, -33, -35, 574, 2434, 103470
251, 13401228, 2, 2047, 0, 0, 0, 255, 255, 255, 255, 1134, -1542, -4262, -44, -32, -35, 574, 2434, 103472
252, 13451205, 2, 2047, 0, 0, 0, 255, 255, 255, 255, 1133, -1542, -4279, -44, -32, -35, 560, 2434, 103472
253, 13501048, 2, 2047, 0, 0, 0, 255, 255, 255, 255, 1134, -1542, -4296, -44, -33, -35, 574, 2434, 103472
254, 13551330, 2, 2047, 0, 0, 0, 255, 255, 255, 255, 1134, -1542, -4313, -45, -32, -35, 574, 2434, 103472
255, 13600818, 2, 2047, 0, 0, 0, 255, 255, 255, 255, 1134, -1542, -4329, -44, -32, -35, 560, 2434, 103472
256, 13651153, 2, 2047, 0, 0, 0, 255, 255, 255, 255, 1134, -1542, -4346, -44, -32, -35, 574, 2434, 103472
257, 13700821, 2, 2047, 0, 0, 0, 255, 255, 255, 255, 1135, -1542, -4363, -44, -32, -35, 574, 2434, 103472
258, 13750806, 2, 2047, 0, 0, 0, 255, 255, 255, 255, 1134, -1542, -4380, -44, -32, -35, 560, 2434, 103472
259, 13800646, 2, 2047, 0, 0, 0, 255, 255, 255, 255, 1135, -1542, -4396, -44, -32, -35, 574, 2434, 103472
260, 13850798, 2, 2047, 0, 0, 0, 255, 255, 255, 255, 1134, -1542, -4413, -44, -33, -34, 574, 2434, 103473
261, 13900290, 2, 2047, 0, 0, 0, 255, 255, 255, 255, 1134, -1542, -4430, -44, -33, -36, 560, 2434, 103473
262, 13950608, 2, 2047, 0, 0, 0, 255, 255, 255, 255, 1135, -1542, -4447, -44, -32, -35, 574, 2434, 103473
263, 14000294, 2, 2047, 0, 0, 0, 255, 255, 255, 255, 1135, -1542, -4464, -44, -32, -35, 574, 2434, 103476
264, 14050249, 2, 2047, 0, 0, 0, 255, 255, 255, 255, 1135, -1542, -4481, -44, -32, -35, 560, 2434, 103476
265, 14100096, 2, 2047, 0, 0, 0, 255, 255, 255, 255, 1135, -1542, -4497, -44, -32, -34, 574, 2434, 103476
266, 14150251, 2, 2047, 0, 0, 0, 255, 255, 255, 255, 1135, -1542, -4514, -44, -33, -35, 574, 2434, 103473
267, 14199812, 2, 2047, 0, 0, 0, 255, 255, 255, 255, 1135, -1542, -4531, -44, -32, -35, 560, 2434, 103473
268, 14250231, 2, 2047, 0, 0, 0, 255, 255, 255, 255, 1135, -1542, -4548, -44, -33, -35, 574, 2434, 103473
269, 14300003, 2, 2047, 0, 0, 0, 255, 255, 255, 255, 1135, -1541, -4565, -45, -32, -35, 574, 2434, 103472
270, 14350054, 2, 2047, 0, 0, 0, 255, 255, 255, 255, 1135, -1541, -4582, -43, -32, -35, 560, 2434, 103472
271, 14399989, 2, 2047, 0, 0, 0, 255, 255, 255, 255, 1135, -1542, -4599, -44, -32, -35, 574, 2434, 103472
272, 14450234, 2, 2047, 0, 0, 0, 255, 255, 255, 255, 1134, -1542, -4615, -44, -33, -35, 574, 2435, 103476
273, 14499805, 2, 2047, 0, 0, 0, 255, 255, 255, 255, 1134, -1542, -4632, -44, -32, -35, 560, 2435, 103476
274, 14550223, 2, 2047, 0, 0, 0, 255, 255, 255, 255, 1134, -1542, -4649, -44, -32, -35, 574, 2435, 103476
275, 14600000, 2, 2047, 0, 0, 0, 255, 255, 255, 255, 1134, -1542, -4666, -44, -32, -35, 574, 2434, 103471
276, 14650048, 2, 2047, 0, 0, 0, 255, 255, 255, 255, 1134, -1542, -4683, -44, -33, -35, 560, 2434, 103471
277, 14699982, 2, 2047, 0, 0, 0, 255, 255, 255, 255, 1134, -1541, -4700, -44, -32, -35, 574, 2434, 103471
278, 14750229, 2, 2047, 0, 0, 0, 255, 255, 255, 255, 1134, -1541, -4716, -44, -33, -35, 574, 2434, 103471
279, 14799803, 2, 2047, 0, 0, 0, 255, 255, 255, 255, 1134, -1541, -4733, -45, -33, -35, 560, 2434, 103471
280, 14850223, 2, 2047, 0, 0, 0, 255, 255, 255, 255, 1134, -1540, -4750, -44, -32, -35, 574, 2434, 103471
281, 14899993, 2, 2047, 0, 0, 0, 255, 255, 255, 255, 1133, -1540, -4767, -45, -32, -35, 574, 2434, 103474
282, 14950043, 2, 2047, 0, 0, 0, 255, 255, 255, 255, 1154, -1552, -4767, -2, -1, -2, 560, 2434, 103474
283, 14999978, 2, 2047, 0, 0, 0, 255, 255, 255, 255, 1179, -1567, -4764, -1, -1, 0, 574, 2434, 103474
284, 15050225, 2, 2047, 0, 0, 0, 255, 255, 255, 255, 1203, -1580, -4760, -1, -1, -1, 574, 2434, 103473
285, 15099798, 2, 2047, 0, 0, 0, 255, 255, 255, 255, 1226, -1593, -4756, -2, -2, -1, 560, 2434, 103473
286, 15150216, 2, 2047, 0, 0, 0, 255, 255, 255, 255, 1249, -1606, -4753, -1, -1, -1, 574, 2434, 103473
287, 15199992, 2, 2047, 0, 0, 0, 255, 255, 255, 255, 1272, -1618, -4749, -1, -2, -1, 574, 2434, 103474
288, 15250039, 2, 2047, 0, 0, 0, 255, 255, 255, 255, 1293, -1630, -4746, -2, -2, -1, 560, 2434, 103474
289, 15299974, 2, 2047, 0, 0, 0, 255, 255, 255, 255, 1313, -1641, -4743, -2, -2, -1, 574, 2434, 103474
290, 15350220, 2, 2047, 0, 0, 0, 255, 255, 255, 255, 1332, -1651, -4740, -1, -2, -1, 574, 2434, 103472
291, 15399792, 2, 2047, 0, 0, 0, 255, 255, 255, 255, 1351, -1662, -4737, -1, -1, -1, 560, 2434, 103472
292, 15450211, 2, 2047, 0, 0, 0, 255, 255, 255, 255, 1370, -1672, -4734, -1, -1, -1, 574, 2434, 103472
293, 15499984, 2, 2047, 0, 0, 0, 255, 255, 255, 255, 1388, -1682, -4731, -2, -2, -1, 574, 2434, 103471
294, 15550036, 2, 2047, 0, 0, 0, 255, 255, 255, 255, 1405, -1692, -4728, -1, -1, -1, 560, 2434, 103471
295, 15599969, 2, 2047, 0, 0, 0, 255, 255, 255, 255, 1421, -1701, -4726, -1, -1, -1, 574, 2434, 103471
296, 15650217, 2, 2047, 0, 0, 0, 255, 255, 255, 255, 1437, -1709, -4723, -1, -1, -1, 574, 2434, 103475
297, 15699787, 2, 2047, 0, 0, 0, 255, 255, 255, 255, 1453, -1718, -4721, -1, -1, -1, 560, 2434, 103475
298, 15750205, 2, 2047, 0, 0, 0, 255, 255, 255, 255, 1468, -1726, -4718, -1, -2, -1, 574, 2434, 103475
299, 15799979, 2, 2047, 0, 0, 0, 255, 255, 255, 255, 1483, -1734, -4716, -1, -1, -1, 574, 2434, 103472
300, 15850032, 2, 2047, 0, 0, 0, 255, 255, 255, 255, 1497, -1742, -4713, -1, -1, -1, 560, 2434, 103472
301, 15899963, 2, 2047, 0, 0, 0, 255, 255, 255, 255, 1510, -1750, -4711, -1, -1, -1, 574, 2434, 103472
302, 15950212, 2, 2047, 0, 0, 0, 255, 255, 255, 255, 1523, -1757, -4709, -2, -1, 0, 574, 2434, 103472
303, 15999783, 2, 2047, 0, 0, 0, 255, 255, 255, 255, 1536, -1764, -4706, -2, -1, -1, 560, 2434, 103472
304, 16050202, 2, 2047, 0, 0, 0, 255, 255, 255, 255, 1547, -1770, -4705, -2, -2, -1, 574, 2434, 103472
305, 16099977, 2, 2047, 0, 0, 0, 255, 255, 255, 255, 1559, -1777, -4703, 0, 0, -2, 574, 2434, 103471
306, 16150027, 2, 2047, 0, 0, 0, 255, 255, 255, 255, 1571, -1783, -4701, 0, 0, -2, 560, 2434, 103471
307, 16199959, 2, 2047, 0, 0, 0, 255, 255, 255, 255, 1582, -1789, -4699, 0, 1, -2, 574, 2434, 103471
308, 16250209, 2, 2047, 0, 0, 0, 255, 255, 255, 255, 1592, -1794, -4697, -1, -1, -1, 574, 2434, 103473
309, 16299779, 2, 2047, 0, 0, 0, 255, 255, 255, 255, 1602, -1800, -4696, 0, 0, -1, 560, 2434, 103473
310, 16350197, 2, 2047, 0, 0, 0, 255, 255, 255, 255, 1612, -1805, -4694, -1, -1, -1, 574, 2434, 103473
311, 16399970, 2, 2047, 0, 0, 0, 255, 255, 255, 255, 1622, -1810, -4692, -1, -1, -1, 574, 2434, 103471
312, 16450021, 2, 2047, 0, 0, 0, 255, 255, 255, 255, 1630, -1815, -4691, 0, 0, -1, 560, 2434, 103471
313, 16499957, 2, 2047, 0, 0, 0, 255, 255, 255, 255, 1639, -1821, -4689, -1, -1, -1, 574, 2434, 103471
314, 16550202, 2, 2047, 0, 0, 0, 255, 255, 255, 255, 1647, -1825, -4688, -1, -1, -1, 574, 2434, 103474
315, 16599775, 2, 2047, 0, 0, 0, 255, 255, 255, 255, 1655, -1829, -4686, -1, -1, -1, 560, 2434, 103474
316, 16650192, 2, 2047, 0, 0, 0, 255, 255, 255, 255, 1663, -1834, -4685, -1, -1, -1, 574, 2434, 103474
317, 16699969, 2, 2047, 0, 0, 0, 255, 255, 255, 255, 1671, -1838, -4684, -1, -1, -1, 574, 2434, 103472
318, 16750017, 2, 2047, 0, 0, 0, 255, 255, 255, 255, 1678, -1843, -4682, -1, -1, -1, 560, 2434, 103472
319, 16799952, 2, 2047, 0, 0, 0, 255, 255, 255, 255, 1686, -1847, -4681, -2, -1, -1, 574, 2434, 103472
320, 16850201, 2, 2047, 0, 0, 0, 255, 255, 255, 255, 1693, -1850, -4679, -1, -1, 0, 574, 2434, 103472
321, 16899771, 2, 2047, 0, 0, 0, 255, 255, 255, 255, 1699, -1854, -4678, -2, -1, -1, 560, 2434, 103472
322, 16950192, 2, 2047, 0, 0, 0, 255, 255, 255, 255, 1706, -1857, -4677, 0, 0, -2, 574, 2434, 103472
323, 16999963, 2, 2047, 0, 0, 0, 255, 255, 255, 255, 1712, -1860, -4676, 0, 0, -1, 574, 2434, 103471
324, 17050013, 2, 2047, 0, 0, 0, 255, 255, 255, 255, 1718, -1864, -4675, 0, 0, -2, 560, 2434, 103471
325, 17099947, 2, 2047, 0, 0, 0, 255, 255, 255, 255, 1724, -1867, -4674, -1, -2, -1, 574, 2434, 103471
326, 17150196, 2, 2047, 0, 0, 0, 255, 255, 255, 255, 1730, -1870, -4673, -1, -1, -1, 574, 2434, 103470
327, 17199767, 2, 2047, 0, 0, 0, 255, 255, 255, 255, 1735, -1873, -4672, -1, -1, -1, 560, 2434, 103470
328, 17250187, 2, 2047, 0, 0, 0, 255, 255, 255, 255, 1741, -1875, -4671, -1, -1, -1, 574, 2434, 103470
329, 17299960, 2, 2047, 0, 0, 0, 255, 255, 255, 255, 1745, -1878, -4670, -1, -1, -1, 574, 2434, 103466
330, 17350010, 2, 2047, 0, 0, 0, 255, 255, 255, 255, 1750, -1880, -4670, -1, -1, -1, 560, 2434, 103466
331, 17399945, 2, 2047, 0, 0, 0, 255, 255, 255, 255, 1754, -1882, -4669, 0, 0, -1, 574, 2434, 103466
332, 17450192, 2, 2047, 0, 0, 0, 255, 255, 255, 255, 1759, -1885, -4668, 0, 0, -1, 574, 2434, 103472
333, 17499762, 2, 2047, 0, 0, 0, 255, 255, 255, 255, 1763, -1888, -4667, -1, -1, -1, 560, 2434, 103472
334, 17550187, 2, 2047, 0, 0, 0, 255, 255, 255, 255, 1768, -1890, -4666, -1, -1, -1, 574, 2434, 103472
335, 17599955, 2, 2047, 0, 0, 0, 255, 255, 255, 255, 1772, -1892, -4666, -2, -2, -1, 574, 2435, 103470
336, 17650008, 2, 2047, 0, 0, 0, 255, 255, 255, 255, 1776, -1894, -4665, -1, -1, -2, 560, 2435, 103470
337, 17699940, 2, 2047, 0, 0, 0, 255, 255, 255, 255, 1780, -1896, -4664, -1, -1, -1, 574, 2435, 103470
338, 17750192, 2, 2047, 0, 0, 0, 255, 255, 255, 255, 1784, -1899, -4664, -1, -1, -1, 574, 2435, 103469
339, 17802996, 2, 2047, 0, 0, 0, 255, 255, 255, 255, 1788, -1901, -4663, -1, -1, -1, 560, 2435, 103469
340, 17853308, 2, 2047, 0, 0, 0, 255, 255, 255, 255, 1791, -1903, -4663, -2, -2, -1, 581, 2435, 103469
341, 17902988, 2, 0, 0, 0, 0, 0, 0, 0, 0, 1794, -1905, -4662, -2, -2, 0, 574, 2434, 103470
342, 17952949, 2, 0, 0, 0, 0, 0, 0, 0, 0, 1797, -1906, -4661, -2, -2, -1, 560, 2434, 103470
343, 18002775, 2, 0, 0, 0, 0, 0, 0, 0, 0, 1800, -1908, -4661, -1, -1, -1, 574, 2434, 103470
344, 18052940, 2, 0, 0, 0, 0, 0, 0, 0, 0, 1803, -1910, -4660, -1, -1, -1, 574, 2435, 103471
345, 18102582, 2, 422, 0, 0, 0, 52, 52, 52, 52, 1806, -1911, -4659, -1, -1, 0, 560, 2435, 103471
346, 18152732, 2, 422, 0, 0, 0, 52, 52, 52, 52, 1809, -1913, -4659, -2, -2, -1, 574, 2435, 103471
347, 18202402, 2, 422, 0, 0, 0, 52, 52, 52, 52, 1812, -1914, -4659, 0, 0, -2, 574, 2435, 103470
348, 18252364, 2, 422, 0, 0, 0, 52, 52, 52, 52, 1815, -1916, -4658, -1, -1, -1, 560, 2435, 103470
349, 18302193, 2, 2047, 0, 0, 0, 255, 255, 255, 255, 1817, -1917, -4658, -1, -1, 0, 574, 2435, 103470
350, 18352368, 2, 2047, 0, 0, 0, 255, 255, 255, 255, 1819, -1919, -4657, -2, -1, -1, 574, 2435, 103471
351, 18401827, 2, 2047, 0, 0, 0, 255, 255, 255, 255, 1822, -1920, -4657, -2, -1, 0, 560, 2435, 103471
352, 18452152, 2, 2047, 0, 0, 0, 255, 255, 255, 255, 1824, -1921, -4656, -2, -1, -1, 574, 2435, 103471
353, 18501835, 2, 1646, 0, 0, 0, 205, 205, 205, 205, 1826, -1923, -4656, -2, -2, -2, 574, 2434, 103469
354, 18551791, 2, 1646, 0, 0, 0, 205, 205, 205, 205, 1828, -1923, -4656, -1, -2, -1, 560, 2434, 103469
355, 18601632, 2, 1646, 0, 0, 0, 205, 205, 205, 205, 1830, -1924, -4655, -1, -1, -1, 574, 2434, 103469
356, 18651782, 2, 1646, 0, 0, 0, 205, 205, 205, 205, 1832, -1925, -4655, -1, -2, -1, 574, 2434, 103470
357, 18701242, 2, 0, 0, 0, 0, 0, 0, 0, 0, 1834, -1927, -4655, -2, -1, -2, 560, 2434, 103470
358, 18751581, 2, 0, 0, 0, 0, 0, 0, 0, 0, 1835, -1928, -4655, -2, -2, -1, 574, 2434, 103470
359, 18801258, 2, 1140, 0, 0, 13, 142, 142, 142, 142, 1837, -1928, -4654, -1, -1, -2, 574, 2435, 103469
360, 18851221, 2, 1140, 0, 0, 13, 142, 142, 142, 142, 1839, -1929, -4654, 0, 0, -1, 560, 2435, 103469
361, 18901054, 2, 2047, 0, 0, 0, 255, 255, 255, 255, 1841, -1930, -4654, -1, -1, 0, 574, 2435, 103469
362, 18951225, 2, 2047, 0, 0, 0, 255, 255, 255, 255, 1843, -1930, -4653, -1, -1, -1, 574, 2434, 103469
363, 19000684, 2, 2047, 0, 0, 0, 255, 255, 255, 255, 1844, -1932, -4653, -1, -1, -1, 560, 2434, 103469
364, 19051031, 2, 2047, 0, 0, 0, 255, 255, 255, 255, 1846, -1932, -4653, -2, -1, -1, 574, 2434, 103469
365, 19100720, 2, 2047, 0, 0, 0, 255, 255, 255, 255, 1847, -1933, -4652, -1, -1, -1, 574, 2435, 103470
366, 19150678, 2, 2047, 0, 0, 0, 255, 255, 255, 255, 1849, -1934, -4652, -1, -1, -1, 560, 2435, 103470
367, 19200520, 2, 1942, 0, 0, 0, 242, 242, 242, 242, 1849, -1934, -4652, -2, -1, -2, 574, 2435, 103470
368, 19250676, 2, 1942, 0, 0, 0, 242, 242, 242, 242, 1851, -1935, -4652, 0, 0, -1, 574, 2434, 103472
369, 19300155, 2, 1921, 0, 0, 0, 240, 240, 240, 240, 1852, -1936, -4652, -3, -2, 0, 560, 2434, 103472
370, 19350480, 2, 1921, 0, 0, 0, 240, 240, 240, 240, 1854, -1937, -4652, -3, -2, -2, 574, 2434, 103472
371, 19400159, 2, 2047, 0, 0, 0, 255, 255, 255, 255, 1854, -1937, -4652, -2, -3, 0, 574, 2434, 103473
372, 19450124, 2, 2047, 0, 0, 0, 255, 255, 255, 255, 1856, -1938, -4651, -2, -2, 0, 560, 2434, 103473
373, 19499959, 2, 2047, 0, 0, 0, 255, 255, 255, 255, 1857, -1938, -4651, -2, -1, -1, 574, 2434, 103473
374, 19550158, 2, 2047, 0, 0, 0, 255, 255, 255, 255, 1858, -1939, -4651, -2, -3, 0, 574, 2434, 103470
375, 19599729, 2, 2047, 0, 0, 0, 255, 255, 255, 255, 1859, -1939, -4651, -1, -1, -1, 560, 2434, 103470
376, 19650150, 2, 2047, 0, 0, 0, 255, 255, 255, 255, 1860, -1939, -4651, -1, -2, -1, 574, 2434, 103470
377, 19699925, 2, 2047, 0, 0, 0, 255, 255, 255, 255, 1861, -1940, -4650, -1, -1, 0, 574, 2434, 103470
378, 19749973, 2, 2047, 0, 0, 0, 255, 255, 255, 255, 1862, -1941, -4650, -2, -3, 0, 560, 2434, 103470
379, 19799906, 2, 2047, 0, 0, 0, 255, 255, 255, 255, 1862, -1941, -4650, 0, 0, -2, 574, 2434, 103470
380, 19850154, 2, 2047, 0, 0, 0, 255, 255, 255, 255, 1863, -1941, -4649, -1, -1, 0, 574, 2435, 103470
381, 19899724, 2, 2047, 0, 0, 0, 255, 255, 255, 255, 1863, -1943, -4650, -1, -1, -1, 560, 2435, 103470
382, 19950143, 2, 2047, 0, 0, 0, 255, 255, 255, 255, 1865, -1943, -4649, -1, -1, -1, 574, 2435, 103470
383, 19999918, 2, 2047, 0, 0, 0, 255, 255, 255, 255, 1865, -1943, -4649, -1, -2, 0, 574, 2434, 103470
384, 20049970, 2, 2047, 0, 0, 0, 255, 255, 255, 255, 1866, -1943, -4649, -3, -3, -1, 560, 2434, 103470
385, 20099901, 2, 2047, 0, 0, 0, 255, 255, 255, 255, 1867, -1943, -4649, -1, -2, -1, 574, 2434, 103470
386, 20150149, 2, 2047, 0, 0, 0, 255, 255, 255, 255, 1867, -1944, -4649, -2, -2, -1, 574, 2434, 103471
387, 20199720, 2, 2047, 0, 0, 0, 255, 255, 255, 255, 1868, -1945, -4649, -2, -2, 0, 560, 2434, 103471
388, 20250141, 2, 2047, 0, 0, 0, 255, 255, 255, 255, 1869, -1944, -4648, 0, 0, -2, 574, 2434, 103471
389, 20299913, 2, 1984, 0, 0, 0, 248, 248, 248, 248, 1870, -1945, -4648, -1, -2, -1, 574, 2434, 103471
390, 20349963, 2, 1984, 0, 0, 0, 248, 248, 248, 248, 1870, -1945, -4648, -2, -1, -1, 560, 2434, 103471
391, 20399899, 2, 0, 0, 0, 0, 0, 0, 0, 0, 1871, -1946, -4648, -2, -2, 0, 574, 2434, 103471
392, 20450145, 2, 0, 0, 0, 0, 0, 0, 0, 0, 1872, -1946, -4648, -2, -1, -1, 574, 2435, 103470
393, 20499716, 2, 0, 0, 0, 0, 0, 0, 0, 0, 1872, -1946, -4647, -2, -1, -1, 560, 2435, 103470
394, 20550134, 2, 0, 0, 0, 0, 0, 0, 0, 0, 1873, -1946, -4648, -1, -1, -2, 574, 2435, 103470
395, 20599910, 0, 0, 0, 0, 0, 0, 0, 0, 0, 1873, -1946, -4648, -3, -2, -1, 574, 2435, 103472
396, 20649959, 0, 0, 0, 0, 0, 0, 0, 0, 0, 1874, -1946, -4648, -2, -2, -1, 560, 2435, 103472
397, 20699892, 0, 0, 0, 0, 0, 0, 0, 0, 0, 1874, -1947, -4648, -2, -2, -1, 574, 2435, 103472
398, 20750141, 0, 0, 0, 0, 0, 0, 0, 0, 0, 1874, -1947, -4648, -1, -1, -1, 574, 2435, 103473
399, 20799712, 0, 0, 0, 0, 0, 0, 0, 0, 0, 1875, -1947, -4648, -1, -2, -2, 560, 2435, 103473
400, 20850140, 0, 0, 0, 0, 0, 0, 0, 0, 0, 1875, -1947, -4648, -2, -1, -1, 574, 2435, 103473
401, 20899904, 0, 0, 0, 0, 0, 0, 0, 0, 0, 1875, -1947, -4647, -1, -1, -2, 574, 2434, 103471
402, 20949954, 0, 0, 0, 0, 0, 0, 0, 0, 0, 1875, -1947, -4648, -1, -2, -1, 560, 2434, 103471
403, 20999887, 0, 0, 0, 0, 0, 0, 0, 0, 0, 1876, -1947, -4648, -2, -2, -1, 574, 2434, 103471
404, 21050136, 0, 0, 0, 0, 0, 0, 0, 0, 0, 1876, -1947, -4648, -1, -2, -2, 574, 2435, 103472
405, 21099707, 0, 0, 0, 0, 0, 0, 0, 0, 0, 1876, -1947, -4648, -1, -1, -1, 560, 2435, 103472
406, 21150128, 0, 0, 0, 0, 0, 0, 0, 0, 0, 1876, -1947, -4648, -2, -1, -1, 574, 2435, 103472
407, 21199901, 0, 0, 0, 0, 0, 0, 0, 0, 0, 1876, -1948, -4648, -1, -2, -1, 574, 2434, 103471
408, 21249949, 0, 0, 0, 0, 0, 0, 0, 0, 0, 1877, -1948, -4648, -1, -2, -1, 560, 2434, 103471
409, 21299884, 0, 0, 0, 0, 0, 0, 0, 0, 0, 1877, -1948, -4648, -2, -2, -1, 574, 2434, 103471
410, 21350132, 0, 0, 0, 0, 0, 0, 0, 0, 0, 1877, -1947, -4648, -1, -2, -1, 574, 2435, 103473
411, 21399702, 0, 0, 0, 0, 0, 0, 0, 0, 0, 1878, -1947, -4648, -1, -2, -1, 560, 2435, 103473
412, 21450122, 0, 0, 0, 0, 0, 0, 0, 0, 0, 1878, -1947, -4649, -1, -2, -1, 574, 2435, 103473
413, 21499895, 0, 0, 0, 0, 0, 0, 0, 0, 0, 1878, -1946, -4648, -1, -2, -1, 574, 2434, 103471
414, 21549945, 0, 0, 0, 0, 0, 0, 0, 0, 0, 1879, -1947, -4648, -1, -2, -1, 560, 2434, 103471
415, 21599880, 0, 0, 0, 0, 0, 0, 0, 0, 0, 1879, -1946, -4648, -1, -1, -1, 574, 2434, 103471
416, 21650125, 0, 0, 0, 0, 0, 0, 0, 0, 0, 1879, -1946, -4648, -2, -2, 0, 574, 2434, 103469
417, 21699698, 0, 0, 0, 0, 0, 0, 0, 0, 0, 1879, -1946, -4648, -2, -2, -1, 560, 2434, 103469
418, 21750117, 0, 0, 0, 0, 0, 0, 0, 0, 0, 1879, -1947, -4648, -2, -1, -1, 574, 2434, 103469
419, 21799890, 0, 0, 0, 0, 0, 0, 0, 0, 0, 1880, -1947, -4648, -1, -1, -1, 574, 2435, 103472
420, 21849943, 0, 0, 0, 0, 0, 0, 0, 0, 0, 1880, -1947, -4648, -2, -1, -1, 560, 2435, 103472
421, 21899876, 0, 0, 0, 0, 0, 0, 0, 0, 0, 1881, -1947, -4648, -1, -2, -2, 574, 2435, 103472
422, 21950121, 0, 0, 0, 0, 0, 0, 0, 0, 0, 1881, -1948, -4648, -1, -1, -1, 574, 2435, 103470
423, 21999693, 0, 0, 0, 0, 0, 0, 0, 0, 0, 1881, -1949, -4648, -1, -1, -1, 560, 2435, 103470
424, 22050112, 0, 0, 0, 0, 0, 0, 0, 0, 0, 1881, -1949, -4647, -1, -1, -1, 574, 2435, 103470
425, 22099886, 0, 0, 0, 0, 0, 0, 0, 0, 0, 1881, -1949, -4647, -2, -1, -1, 574, 2435, 103469
426, 22149937, 0, 0, 0, 0, 0, 0, 0, 0, 0, 1881, -1949, -4648, -2, -2, -1, 560, 2435, 103469
427, 22199871, 0, 0, 0, 0, 0, 0, 0, 0, 0, 1881, -1949, -4647, 1, 2, -1, 574, 2435, 103469
428, 22250116, 0, 0, 0, 0, 0, 0, 0, 0, 0, 1881, -1949, -4647, 0, 0, -1, 574, 2435, 103473
429, 22299690, 0, 0, 0, 0, 0, 0, 0, 0, 0, 1882, -1949, -4647, -1, -1, -1, 560, 2435, 103473
430, 22350108, 0, 0, 0, 0, 0, 0, 0, 0, 0, 1882, -1949, -4647, -1, -1, -1, 574, 2435, 103473
431, 22399884, 0, 0, 0, 0, 0, 0, 0, 0, 0, 1882, -1950, -4647, -1, -1, 0, 574, 2435, 103469
432, 22449930, 0, 0, 0, 0, 0, 0, 0, 0, 0, 1883, -1950, -4647, -1, -2, -1, 560, 2435, 103469
433, 22499864, 0, 0, 0, 0, 0, 0, 0, 0, 0, 1883, -1950, -4647, -1, -1, -1, 574, 2435, 103469
434, 22550111, 0, 0, 0, 0, 0, 0, 0, 0, 0, 1884, -1950, -4647, -1, -1, -1, 574, 2435, 103472
435, 22599685, 0, 0, 0, 0, 0, 0, 0, 0, 0, 1884, -1950, -4647, -1, -1, 0, 560, 2435, 103472
436, 22650103, 0, 0, 0, 0, 0, 0, 0, 0, 0, 1885, -1951, -4647, -1, -2, -1, 574, 2435, 103472
437, 22699876, 0, 0, 0, 0, 0, 0, 0, 0, 0, 1886, -1951, -4647, 1, 0, -1, 574, 2435, 103471
438, 22749928, 0, 0, 0, 0, 0, 0, 0, 0, 0, 1887, -1951, -4647, 1, 0, 0, 560, 2435, 103471
439, 22799862, 0, 0, 0, 0, 0, 0, 0, 0, 0, 1888, -1951, -4647, -1, -2, 0, 574, 2435, 103471
440, 22850110, 0, 0, 0, 0, 0, 0, 0, 0, 0, 1889, -1952, -4646, 1, 1, -1, 574, 2435, 103473
441, 22899679, 0, 0, 0, 0, 0, 0, 0, 0, 0, 1889, -1952, -4646, 0, 1, -1, 560, 2435, 103473
442, 22950104, 0, 0, 0, 0, 0, 0, 0, 0, 0, 1890, -1952, -4646, 1, 1, -1, 574, 2435, 103473
443, 22999872, 0, 0, 0, 0, 0, 0, 0, 0, 0, 1890, -1952, -4646, 0, 0, 0, 574, 2435, 103472
444, 23049925, 0, 0, 0, 0, 0, 0, 0, 0, 0, 1891, -1953, -4646, 0, 0, -1, 560, 2435, 103472
445, 23099859, 0, 0, 0, 0, 0, 0, 0, 0, 0, 1891, -1953, -4646, 0, 0, 0, 574, 2435, 103472
446, 23153431, 0, 0, 0, 0, 0, 0, 0, 0, 0, 1892, -1953, -4646, 0, 0, 0, 574, 2435, 103473
447, 23202825, 0, 0, 0, 0, 0, 0, 0, 0, 0, 1892, -1954, -4646, 0, 0, -1, 560, 2435, 103473
448, 23253144, 0, 0, 0, 0, 0, 0, 0, 0, 0, 1892, -1954, -4646, 1, 0, -1, 574, 2435, 103473
449, 23302834, 0, 0, 0, 0, 0, 0, 0, 0, 0, 1892, -1955, -4646, 0, 0, 0, 574, 2435, 103476
450, 23352775, 0, 0, 0, 0, 0, 0, 0, 0, 0, 1892, -1955, -4645, 0, 0, 0, 560, 2435, 103476
451, 23402636, 0, 0, 0, 0, 0, 0, 0, 0, 0, 1893, -1955, -4645, 0, 0, 0, 574, 2435, 103476
452, 23452791, 0, 0, 0, 0, 0, 0, 0, 0, 0, 1893, -1955, -4645, 0, 0, 0, 574, 2435, 103476
453, 23502250, 0, 0, 0, 0, 0, 0, 0, 0, 0, 1893, -1955, -4645, -1, -1, 0, 560, 2435, 103476
454, 23552585, 0, 0, 0, 0, 0, 0, 0, 0, 0, 1894, -1955, -4645, 0, 0, 0, 574, 2435, 103476
455, 23602252, 0, 0, 0, 0, 0, 0, 0, 0, 0, 1895, -1955, -4644, -1, -1, 0, 574, 2435, 103477
456, 23652229, 0, 0, 0, 0, 0, 0, 0, 0, 0, 1895, -1955, -4644, -1, -1, 1, 560, 2435, 103477
457, 23702058, 0, 0, 0, 0, 0, 0, 0, 0, 0, 1895, -1955, -4644, -1, -1, 0, 574, 2435, 103477
458, 23752227, 0, 0, 0, 0, 0, 0, 0, 0, 0, 1896, -1955, -4644, -1, -1, 0, 574, 2434, 103472
459, 23801700, 0, 0, 0, 0, 0, 0, 0, 0, 0, 1896, -1954, -4644, 0, 0, 1, 560, 2434, 103472
460, 23852031, 0, 0, 0, 0, 0, 0, 0, 0, 0, 1896, -1954, -4643, 0, 0, 0, 581, 2434, 103472
461, 23901720, 0, 0, 0, 0, 0, 0, 0, 0, 0, 1897, -1954, -4643, 0, 0, 0, 574, 2435, 103472
462, 23951678, 0, 0, 0, 0, 0, 0, 0, 0, 0, 1898, -1954, -4643, 0, 0, 0, 560, 2435, 103472
463, 24001523, 0, 0, 0, 0, 0, 0, 0, 0, 0, 1898, -1954, -4643, 0, 0, 0, 574, 2435, 103472
464, 24051677, 0, 0, 0, 0, 0, 0, 0, 0, 0, 1898, -1955, -4643, 0, 0, -1, 574, 2435, 103475
465, 24101171, 0, 0, 0, 0, 0, 0, 0, 0, 0, 1898, -1955, -4643, -1, -2, 0, 560, 2435, 103475
466, 24151478, 0, 0, 0, 0, 0, 0, 0, 0, 0, 1899, -1955, -4643, 0, 0, -1, 574, 2435, 103475
467, 24201144, 0, 0, 0, 0, 0, 0, 0, 0, 0, 1899, -1955, -4643, -1, -1, 0, 574, 2434, 103474
468, 24251115, 0, 0, 0, 0, 0, 0, 0, 0, 0, 1900, -1955, -4643, 0, 0, 0, 560, 2434, 103474
469, 24300965, 0, 0, 0, 0, 0, 0, 0, 0, 0, 1900, -1954, -4643, -1, -2, 0, 574, 2434, 103474
470, 24351126, 0, 0, 0, 0, 0, 0, 0, 0, 0, 1900, -1954, -4643, -1, -1, 0, 574, 2434, 103474
471, 24400607, 0, 0, 0, 0, 0, 0, 0, 0, 0, 1900, -1954, -4642, -1, -1, 0, 560, 2434, 103474
472, 24450927, 0, 0, 0, 0, 0, 0, 0, 0, 0, 1900, -1954, -4642, -1, -1, 0, 574, 2434, 103474
473, 24500601, 0, 0, 0, 0, 0, 0, 0, 0, 0, 1901, -1953, -4642, -1, -1, 0, 574, 2434, 103475
474, 24550575, 0, 0, 0, 0, 0, 0, 0, 0, 0, 1901, -1953, -4642, 0, 0, 0, 560, 2434, 103475
475, 24600420, 0, 0, 0, 0, 0, 0, 0, 0, 0, 1901, -1953, -4642, -1, -1, 0, 574, 2434, 103475
476, 24650578, 0, 0, 0, 0, 0, 0, 0, 0, 0, 1901, -1953, -4642, 0, 0, -1, 574, 2433, 103474
477, 24700060, 0, 0, 0, 0, 0, 0, 0, 0, 0, 1901, -1954, -4642, -1, -1, -1, 560, 2433, 103474
478, 24750405, 0, 0, 0, 0, 0, 0, 0, 0, 0, 1901, -1954, -4642, 0, 0, 0, 574, 2433, 103474
479, 24800236, 0, 0, 0, 0, 0, 0, 0, 0, 0, 1902, -1954, -4642, 0, 0, -1, 574, 2433, 103474
480, 24850038, 0, 0, 0, 0, 0, 0, 0, 0, 0, 1902, -1954, -4642, 0, 0, 0, 560, 2433, 103474
481, 24899888, 0, 0, 0, 0, 0, 0, 0, 0, 0, 1903, -1954, -4642, -1, -1, 0, 574, 2433, 103474
482, 24950076, 0, 0, 0, 0, 0, 0, 0, 0, 0, 1903, -1954, -4642, 0, 0, 0, 574, 2433, 103475
483, 24999647, 0, 0, 0, 0, 0, 0, 0, 0, 0, 1903, -1954, -4642, 0, 0, 0, 560, 2433, 103475
484, 25050066, 0, 0, 0, 0, 0, 0, 0, 0, 0, 1903, -1954, -4641, -1, -1, 0, 574, 2433, 103475
485, 25099841, 0, 0, 0, 0, 0, 0, 0, 0, 0, 1904, -1954, -4641, 0, 0, 0, 574, 2433, 103476
486, 25149891, 0, 0, 0, 0, 0, 0, 0, 0, 0, 1904, -1955, -4641, -1, -1, 0, 560, 2433, 103476
487, 25199825, 0, 0, 0, 0, 0, 0, 0, 0, 0, 1904, -1955, -4641, -1, -1, 0, 574, 2433, 103476
488, 25250071, 0, 0, 0, 0, 0, 0, 0, 0, 0, 1904, -1955, -4641, 0, 1, -1, 574, 2433, 103475
489, 25299643, 0, 0, 0, 0, 0, 0, 0, 0, 0, 1904, -1956, -4641, 0, 0, 0, 560, 2433, 103475
490, 25350061, 0, 0, 0, 0, 0, 0, 0, 0, 0, 1904, -1956, -4641, 0, 0, 0, 574, 2433, 103475
491, 25399836, 0, 0, 0, 0, 0, 0, 0, 0, 0, 1904, -1956, -4641, 0, 0, 0, 574, 2433, 103473
492, 25449885, 0, 0, 0, 0, 0, 0, 0, 0, 0, 1905, -1956, -4640, -1, -1, 0, 560, 2433, 103473
493, 25499819, 0, 0, 0, 0, 0, 0, 0, 0, 0, 1905, -1956, -4640, -1, -2, 0, 574, 2433, 103473
494, 25550068, 0, 0, 0, 0, 0, 0, 0, 0, 0, 1905, -1955, -4640, 0, 0, 0, 574, 2434, 103474
495, 25599638, 0, 0, 0, 0, 0, 0, 0, 0, 0, 1905, -1955, -4640, -1, -1, 0, 560, 2434, 103474
496, 25650058, 0, 0, 0, 0, 0, 0, 0, 0, 0, 1905, -1956, -4640, 0, 0, 0, 574, 2434, 103474
497, 25699832, 0, 0, 0, 0, 0, 0, 0, 0, 0, 1905, -1956, -4640, -1, -1, 0, 574, 2433, 103472
498, 25749882, 0, 0, 0, 0, 0, 0, 0, 0, 0, 1905, -1956, -4640, 0, 0, 0, 560, 2433, 103472
499, 25799816, 0, 0, 0, 0, 0, 0, 0, 0, 0, 1905, -1956, -4640, -1, -1, 0, 574, 2433, 103472
500, 25850063, 0, 0, 0, 0, 0, 0, 0, 0, 0, 1905, -1956, -4640, 0, 0, 0, 574, 2433, 103473
501, 25899634, 0, 0, 0, 0, 0, 0, 0, 0, 0, 1905, -1956, -4640, -1, -2, 0, 560, 2433, 103473
502, 25950053, 0, 0, 0, 0, 0, 0, 0, 0, 0, 1906, -1956, -4640, -1, -1, -1, 574, 2433, 103473
503, 25999826, 0, 0, 0, 0, 0, 0, 0, 0, 0, 1905, -1956, -4640, -1, -2, 0, 574, 2434, 103474
504, 26049875, 0, 0, 0, 0, 0, 0, 0, 0, 0, 1905, -1956, -4640, 0, 0, 0, 560, 2434, 103474
505, 26099810, 0, 0, 0, 0, 0, 0, 0, 0, 0, 1905, -1956, -4640, 0, 0, 0, 574, 2434, 103474
506, 26150058, 0, 0, 0, 0, 0, 0, 0, 0, 0, 1905, -1956, -4640, 0, 0, 0, 574, 2433, 103473
507, 26199629, 3, 0, 0, 0, 0, 0, 0, 0, 0, 1905, -1956, -4640, 1, 0, -1, 560, 2433, 103473
508, 26250048, 3, 0, 0, 0, 0, 0, 0, 0, 0, 1905, -1956, -4640, 1, 0, -1, 574, 2433, 103473
509, 26299822, 3, 0, 0, 0, 0, 0, 0, 0, 0, 1905, -1956, -4640, 0, 0, 0, 574, 2434, 103472
510, 26349873, 3, 0, 0, 0, 0, 0, 0, 0, 0, 1905, -1956, -4640, 0, 0, 1, 560, 2434, 103472
511, 26399806, 3, 0, 0, 0, 0, 0, 0, 0, 0, 1905, -1956, -4639, 1, 0, 0, 574, 2434, 103472
512, 26450054, 3, 0, 0, 0, 0, 0, 0, 0, 0, 1906, -1956, -4639, -1, -1, 0, 574, 2433, 103474
513, 26499625, 3, 0, 0, 0, 0, 0, 0, 0, 0, 1906, -1956, -4639, -1, -1, 0, 560, 2433, 103474
514, 26550043, 3, 0, 0, 0, 0, 0, 0, 0, 0, 1906, -1955, -4639, 0, 0, 0, 574, 2433, 103474
515, 26599819, 3, 0, 0, 0, 0, 0, 0, 0, 0, 1905, -1955, -4639, -1, -2, 0, 574, 2434, 103475
516, 26649868, 3, 0, 0, 0, 0, 0, 0, 0, 0, 1905, -1955, -4639, 0, 0, 0, 560, 2434, 103475
517, 26699802, 3, 0, 0, 0, 0, 0, 0, 0, 0, 1904, -1955, -4639, 0, 0, -1, 574, 2434, 103475
518, 26750049, 3, 0, 0, 0, 0, 0, 0, 0, 0, 1904, -1955, -4639, -1, -1, 0, 574, 2434, 103474
519, 26799622, 3, 2047, 0, 0, 0, 0, 0, 0, 0, 1905, -1954, -4639, -1, -1, 0, 560, 2434, 103474
520, 26850041, 3, 2047, 0, 0, 0, 0, 0, 0, 0, 1904, -1954, -4639, -1, -1, 0, 574, 2434, 103474
521, 26899812, 3, 2047, 0, 0, 0, 0, 0, 0, 0, 1905, -1955, -4639, -1, -1, 0, 574, 2434, 103475
522, 26949863, 3, 2047, 0, 0, 0, 0, 0, 0, 0, 1904, -1955, -4639, -1, -1, -1, 560, 2434, 103475
523, 26999797, 3, 2047, 0, 0, 0, 0, 0, 0, 0, 1904, -1955, -4639, 0, 1, 0, 574, 2434, 103475
524, 27050045, 3, 2047, 0, 0, 0, 0, 0, 0, 0, 1904, -1955, -4639, 0, 0, 0, 574, 2434, 103475
525, 27099614, 3, 2047, 0, 0, 0, 0, 0, 0, 0, 1904, -1955, -4639, 0, 0, 0, 560, 2434, 103475
526, 27150034, 3, 2047, 0, 0, 0, 0, 0, 0, 0, 1904, -1955, -4639, -2, -1, 0, 574, 2434, 103475
527, 27199808, 3, 2047, 0, 0, 0, 0, 0, 0, 0, 1904, -1956, -4638, 0, 0, 0, 574, 2434, 103474
528, 27249858, 3, 2047, 0, 0, 0, 0, 0, 0, 0, 1904, -1956, -4638, -1, -1, 0, 560, 2434, 103474
529, 27299794, 3, 2047, 0, 0, 0, 0, 0, 0, 0, 1905, -1956, -4638, -1, -1, 1, 574, 2434, 103474
530, 27350040, 3, 2047, 0, 0, 0, 0, 0, 0, 0, 1905, -1956, -4638, -1, -2, 1, 574, 2434, 103473
531, 27399610, 3, 2047, 0, 0, 0, 0, 0, 0, 0, 1905, -1956, -4637, -1, -2, 0, 560, 2434, 103473
532, 27450030, 3, 2047, 0, 0, 0, 0, 0, 0, 0, 1905, -1956, -4638, -1, -1, 0, 574, 2434, 103473
533, 27499805, 3, 2047, 0, 0, 0, 0, 0, 0, 0, 1905, -1957, -4638, 0, 0, 0, 574, 2434, 103469
534, 27549852, 3, 2047, 0, 0, 0, 0, 0, 0, 0, 1905, -1956, -4638, -1, -1, 0, 560, 2434, 103469
535, 27599788, 3, 2047, 0, 0, 0, 0, 0, 0, 0, 1905, -1956, -4638, -1, -1, 0, 574, 2434, 103469
536, 27650036, 3, 2047, 0, 0, 0, 0, 0, 0, 0, 1905, -1956, -4637, -1, -1, 0, 574, 2435, 103473
537, 27699608, 3, 2047, 0, 0, 0, 0, 0, 0, 0, 1905, -1956, -4637, 0, 0, 0, 560, 2435, 103473
538, 27750026, 3, 2047, 0, 0, 0, 0, 0, 0, 0, 1905, -1957, -4637, 0, 0, 1, 574, 2435, 103473
539, 27799800, 3, 2047, 0, 0, 0, 0, 0, 0, 0, 1905, -1957, -4636, 0, -1, 0, 574, 2434, 103471
540, 27849852, 3, 2047, 0, 0, 0, 0, 0, 0, 0, 1905, -1957, -4636, 0, 0, 0, 560, 2434, 103471
541, 27899784, 3, 2047, 0, 0, 0, 0, 0, 0, 0, 1905, -1957, -4636, 0, 0, 0, 574, 2434, 103471
542, 27950030, 3, 2047, 0, 0, 0, 0, 0, 0, 0, 1906, -1957, -4636, -1, -1, -1, 574, 2435, 103475
543, 27999602, 3, 2047, 0, 0, 0, 0, 0, 0, 0, 1906, -1957, -4636, 0, 0, 0, 560, 2435, 103475
544, 28050022, 3, 2047, 0, 0, 0, 0, 0, 0, 0, 1906, -1957, -4636, 0, 0, 0, 574, 2435, 103475
545, 28099796, 3, 2047, 0, 0, 0, 0, 0, 0, 0, 1906, -1957, -4636, -1, -1, 0, 574, 2434, 103471
546, 28149844, 3, 2047, 0, 0, 0, 0, 0, 0, 0, 1906, -1957, -4636, -1, -1, 0, 560, 2434, 103471
547, 28199779, 3, 2047, 0, 0, 0, 0, 0, 0, 0, 1906, -1956, -4636, -1, -1, 0, 574, 2434, 103471
548, 28250024, 3, 2047, 0, 0, 0, 0, 0, 0, 0, 1906, -1955, -4636, -1, -1, 1, 574, 2435, 103476
549, 28299598, 3, 2047, 0, 0, 0, 0, 0, 0, 0, 1906, -1955, -4636, 0, 0, 0, 560, 2435, 103476
550, 28350017, 3, 2047, 0, 0, 0, 0, 0, 0, 0, 1906, -1955, -4636, 0, 0, 0, 574, 2435, 103476
551, 28399792, 3, 2047, 0, 0, 0, 0, 0, 0, 0, 1906, -1955, -4635, -1, -1, 0, 574, 2434, 103472
552, 28449841, 3, 2047, 0, 0, 0, 0, 0, 0, 0, 1906, -1955, -4635, -1, -1, 1, 560, 2434, 103472
553, 28499775, 3, 2047, 0, 0, 0, 0, 0, 0, 0, 1906, -1956, -4635, -1, -2, -1, 574, 2434, 103472
554, 28550026, 3, 2047, 0, 0, 0, 0, 0, 0, 0, 1906, -1956, -4636, -1, -1, 0, 574, 2434, 103474
555, 28599592, 3, 2047, 0, 0, 0, 0, 0, 0, 0, 1905, -1955, -4636, 0, 0, 0, 560, 2434, 103474
556, 28650013, 3, 2047, 0, 0, 0, 0, 0, 0, 0, 1905, -1955, -4636, -1, -1, 0, 574, 2434, 103474
557, 28703015, 3, 2047, 0, 0, 0, 0, 0, 0, 0, 1906, -1955, -4636, 0, 0, 1, 574, 2434, 103474
558, 28752983, 3, 2047, 0, 0, 0, 0, 0, 0, 0, 1906, -1954, -4635, -1, -1, 0, 560, 2434, 103474
559, 28802852, 3, 2047, 0, 0, 0, 0, 0, 0, 0, 1905, -1954, -4635, -1, -1, 0, 574, 2434, 103474
560, 28853013, 3, 2047, 0, 0, 0, 0, 0, 0, 0, 1905, -1954, -4635, -1, -2, 0, 574, 2434, 103471
561, 28902511, 3, 2047, 0, 0, 0, 0, 0, 0, 0, 1906, -1954, -4635, -1, -2, 0, 560, 2434, 103471
562, 28952839, 3, 2047, 0, 0, 0, 0, 0, 0, 0, 1906, -1954, -4635, 0, 0, 0, 574, 2434, 103471
563, 29002535, 3, 2047, 0, 0, 0, 0, 0, 0, 0, 1906, -1954, -4635, -1, -1, 0, 574, 2434, 103472
564, 29052478, 3, 2047, 0, 0, 0, 0, 0, 0, 0, 1907, -1954, -4635, 0, 0, 0, 560, 2434, 103472
565, 29102328, 3, 2047, 0, 0, 0, 0, 0, 0, 0, 1907, -1955, -4635, 0, 1, 0, 574, 2434, 103472
566, 29152496, 3, 2047, 0, 0, 0, 0, 0, 0, 0, 1907, -1955, -4635, -1, -1, 0, 588, 2434, 103475
567, 29201954, 3, 2047, 0, 0, 0, 0, 0, 0, 0, 1907, -1955, -4635, 0, 0, 0, 553, 2434, 103475
568, 29252296, 3, 2047, 0, 0, 0, 0, 0, 0, 0, 1907, -1955, -4634, 0, 0, 0, 574, 2434, 103475
569, 29301979, 3, 2047, 0, 0, 0, 0, 0, 0, 0, 1907, -1955, -4634, 0, 0, 0, 574, 2434, 103470
570, 29351934, 3, 2047, 0, 0, 0, 0, 0, 0, 0, 1908, -1955, -4634, -1, -1, 0, 560, 2434, 103470
571, 29401776, 3, 2047, 0, 0, 0, 0, 0, 0, 0, 1908, -1955, -4634, 0, 0, -1, 574, 2434, 103470
572, 29451924, 3, 2047, 0, 0, 0, 0, 0, 0, 0, 1908, -1955, -4634, -1, -1, 0, 574, 2433, 103472
573, 29501425, 3, 2047, 0, 0, 0, 0, 0, 0, 0, 1908, -1955, -4634, -1, -1, 0, 560, 2433, 103472
574, 29551745, 3, 2047, 0, 0, 0, 0, 0, 0, 0, 1908, -1954, -4634, -1, -1, 1, 574, 2433, 103472
575, 29601454, 3, 2047, 0, 0, 0, 0, 0, 0, 0, 1908, -1954, -4634, 0, 0, 0, 574, 2433, 103473
576, 29651404, 3, 2047, 0, 0, 0, 0, 0, 0, 0, 1908, -1955, -4634, -1, -2, 0, 560, 2433, 103473
577, 29701228, 3, 2047, 0, 0, 0, 0, 0, 0, 0, 1908, -1955, -4634, -1, -1, 0, 574, 2433, 103473
578, 29751416, 3, 2047, 0, 0, 0, 0, 0, 0, 0, 1908, -1955, -4634, 0, 0, 0, 574, 2433, 103475
579, 29800886, 3, 2047, 0, 0, 0, 0, 0, 0, 0, 1908, -1954, -4634, -1, -2, 0, 560, 2433, 103475
580, 29851227, 3, 2047, 0, 0, 0, 0, 0, 0, 0, 1909, -1954, -4634, -1, -1, 0, 581, 2433, 103475
581, 29900889, 3, 2047, 0, 0, 0, 0, 0, 0, 0, 1909, -1954, -4633, 0, 0, 0, 574, 2432, 103476
582, 29950862, 3, 2047, 0, 0, 0, 0, 0, 0, 0, 1909, -1954, -4633, -1, -1, 0, 560, 2432, 103476
583, 30000697, 3, 2047, 0, 0, 0, 0, 0, 0, 0, 1909, -1954, -4633, -1, -1, 1, 574, 2432, 103476
584, 30050845, 3, 2047, 0, 0, 0, 0, 0, 0, 0, 1909, -1954, -4633, -1, -1, 0, 574, 2432, 103480
585, 30100330, 3, 2047, 0, 0, 0, 0, 0, 0, 0, 1909, -1954, -4633, 0, 0, 0, 560, 2432, 103480
586, 30150678, 3, 2047, 0, 0, 0, 0, 0, 0, 0, 1909, -1954, -4632, -1, -1, 0, 574, 2432, 103480
587, 30200338, 3, 2047, 0, 0, 0, 0, 0, 0, 0, 1910, -1954, -4632, 0, 0, 0, 574, 2432, 103480
588, 30250304, 3, 2047, 0, 0, 0, 0, 0, 0, 0, 1910, -1954, -4632, 0, -1, 1, 560, 2432, 103480
589, 30300137, 3, 2047, 0, 0, 0, 0, 0, 0, 0, 1910, -1954, -4632, 0, 0, 0, 574, 2432, 103480
590, 30350293, 3, 2047, 0, 0, 0, 0, 0, 0, 0, 1909, -1955, -4632, -1, -1, 0, 574, 2431, 103485
591, 30399787, 3, 2047, 0, 0, 0, 0, 0, 0, 0, 1909, -1955, -4632, 0, 0, 0, 560, 2431, 103485
592, 30450104, 3, 2047, 0, 0, 0, 0, 0, 0, 0, 1909, -1955, -4632, -1, -1, 0, 574, 2431, 103485
593, 30499794, 3, 2047, 0, 0, 0, 0, 0, 0, 0, 1909, -1955, -4632, 0, 0, 0, 574, 2432, 103487
594, 30549807, 3, 2047, 0, 0, 0, 0, 0, 0, 0, 1909, -1955, -4632, -1, -1, 1, 560, 2432, 103487
595, 30599743, 3, 2047, 0, 0, 0, 0, 0, 0, 0, 1909, -1955, -4632, -1, -1, 0, 574, 2432, 103487
596, 30649990, 3, 2047, 0, 0, 0, 0, 0, 0, 0, 1909, -1954, -4632, 0, -1, 0, 574, 2432, 103490
597, 30699562, 3, 2047, 0, 0, 0, 0, 0, 0, 0, 1909, -1954, -4632, -1, -2, 0, 560, 2432, 103490
598, 30749981, 3, 2047, 0, 0, 0, 0, 0, 0, 0, 1909, -1954, -4632, -1, -2, 0, 574, 2432, 103490
599, 30799756, 3, 2047, 0, 0, 0, 0, 0, 0, 0, 1909, -1953, -4632, 0, 0, 0, 574, 2431, 103487
600, 30849806, 3, 2047, 0, 0, 0, 0, 0, 0, 0, 1908, -1953, -4632, 0, 0, 1, 560, 2431, 103487
601, 30899738, 3, 2047, 0, 0, 0, 0, 0, 0, 0, 1908, -1953, -4631, 0, 0, 0, 574, 2431, 103487
602, 30949985, 3, 2047, 0, 0, 0, 0, 0, 0, 0, 1908, -1953, -4631, 0, 0, 0, 574, 2432, 103491
603, 30999555, 3, 2047, 0, 0, 0, 0, 0, 0, 0, 1908, -1953, -4631, -1, -1, 0, 560, 2432, 103491
604, 31049975, 3, 2047, 0, 0, 0, 0, 0, 0, 0, 1907, -1954, -4631, -1, -1, 0, 574, 2432, 103491
605, 31099749, 3, 2047, 0, 0, 0, 0, 0, 0, 0, 1907, -1954, -4631, -1, -1, 0, 574, 2432, 103492
606, 31149799, 3, 2047, 0, 0, 0, 0, 0, 0, 0, 1907, -1954, -4631, -1, -1, 0, 560, 2432, 103492
607, 31199731, 3, 2047, 0, 0, 0, 0, 0, 0, 0, 1907, -1954, -4631, 0, 0, 0, 574, 2432, 103492
608, 31249980, 3, 2047, 0, 0, 0, 0, 0, 0, 0, 1907, -1955, -4631, 0, 0, 0, 574, 2432, 103496
609, 31299552, 3, 2047, 0, 0, 0, 0, 0, 0, 0, 1907, -1955, -4631, 0, 0, 0, 560, 2432, 103496
610, 31349971, 3, 2047, 0, 0, 0, 0, 0, 0, 0, 1907, -1955, -4630, 1, 0, 1, 574, 2432, 103496
611, 31399745, 3, 2047, 0, 0, 0, 0, 0, 0, 0, 1907, -1955, -4630, 0, 0, 0, 574, 2431, 103494
612, 31449794, 3, 2047, 0, 0, 0, 0, 0, 0, 0, 1907, -1955, -4629, 0, 0, 0, 560, 2431, 103494
613, 31499729, 3, 2047, 0, 0, 0, 0, 0, 0, 0, 1907, -1955, -4629, 1, 0, 0, 574, 2431, 103494
614, 31549974, 3, 2047, 0, 0, 0, 0, 0, 0, 0, 1907, -1955, -4629, 0, 0, 1, 574, 2431, 103501
615, 31599546, 3, 2047, 0, 0, 0, 0, 0, 0, 0, 1907, -1955, -4629, -1, -1, 0, 560, 2431, 103501
616, 31649967, 3, 2047, 0, 0, 0, 0, 0, 0, 0, 1906, -1954, -4629, -1, -1, 0, 574, 2431, 103501
617, 31699740, 3, 2047, 0, 0, 0, 0, 0, 0, 0, 1906, -1954, -4629, -1, -1, -1, 574, 2431, 103498
618, 31749790, 3, 2047, 0, 0, 0, 0, 0, 0, 0, 1906, -1954, -4629, -1, -1, 0, 560, 2431, 103498
619, 31799724, 3, 2047, 0, 0, 0, 0, 0, 0, 0, 1906, -1954, -4629, -1, -1, 0, 574, 2431, 103498
620, 31849972, 3, 2047, 0, 0, 0, 0, 0, 0, 0, 1905, -1954, -4629, -1, -2, 0, 574, 2431, 103498
621, 31899542, 3, 2047, 0, 0, 0, 0, 0, 0, 0, 1905, -1953, -4629, -1, -1, 0, 560, 2431, 103498
622, 31949960, 3, 2047, 0, 0, 0, 0, 0, 0, 0, 1905, -1953, -4629, 0, 0, 0, 574, 2431, 103498
623, 31999735, 3, 2047, 0, 0, 0, 0, 0, 0, 0, 1905, -1953, -4629, 1, 0, 0, 574, 2431, 103494
624, 32049785, 3, 2047, 0, 0, 0, 0, 0, 0, 0, 1905, -1954, -4629, 0, 0, 0, 560, 2431, 103494
625, 32099719, 3, 2047, 0, 0, 0, 0, 0, 0, 0, 1905, -1954, -4629, 0, 0, 0, 574, 2431, 103494
626, 32149966, 3, 2047, 0, 0, 0, 0, 0, 0, 0, 1905, -1954, -4629, -1, -1, 0, 574, 2432, 103495
627, 32199536, 3, 2047, 0, 0, 0, 0, 0, 0, 0, 1905, -1954, -4629, -1, -2, 0, 560, 2432, 103495
628, 32249957, 3, 2047, 0, 0, 0, 0, 0, 0, 0, 1905, -1954, -4629, -1, -2, 0, 574, 2432, 103495
629, 32299732, 3, 2047, 0, 0, 0, 0, 0, 0, 0, 1905, -1954, -4629, -1, -1, 0, 574, 2431, 103490
630, 32349781, 3, 2047, 0, 0, 0, 0, 0, 0, 0, 1905, -1953, -4629, -1, -1, -1, 560, 2431, 103490
631, 32399713, 3, 2047, 0, 0, 0, 0, 0, 0, 0, 1905, -1954, -4629, -1, -1, 0, 574, 2431, 103490
632, 32449962, 3, 2047, 0, 0, 0, 0, 0, 0, 0, 1905, -1953, -4629, -1, -1, 0, 574, 2432, 103490
633, 32499534, 3, 2047, 0, 0, 0, 0, 0, 0, 0, 1905, -1953, -4629, 0, 0, -1, 560, 2432, 103490
634, 32549951, 3, 2047, 0, 0, 0, 0, 0, 0, 0, 1906, -1954, -4629, -1, -1, 0, 574, 2432, 103490
635, 32599725, 3, 2047, 0, 0, 0, 0, 0, 0, 0, 1906, -1953, -4629, -1, -1, 0, 574, 2432, 103483
636, 32649776, 3, 2047, 0, 0, 0, 0, 0, 0, 0, 1906, -1953, -4629, -1, -2, 0, 560, 2432, 103483
637, 32699711, 3, 2047, 0, 0, 0, 0, 0, 0, 0, 1907, -1953, -4629, -1, -1, 0, 574, 2432, 103483
638, 32749958, 3, 2047, 0, 0, 0, 0, 0, 0, 0, 1907, -1953, -4629, -1, -1, 0, 574, 2432, 103477
639, 32799530, 0, 0, 0, 0, 0, 0, 0, 0, 0, 1907, -1953, -4629, 1, 1, -1, 560, 2432, 103477
640, 32849949, 0, 0, 0, 0, 0, 0, 0, 0, 0, 1907, -1953, -4629, 2, 2, -1, 574, 2432, 103477
641, 32899722, 0, 0, 0, 0, 0, 0, 0, 0, 0, 1907, -1953, -4629, 0, 0, 0, 574, 2432, 103476
642, 32949772, 0, 0, 0, 0, 0, 0, 0, 0, 0, 1907, -1952, -4629, 0, 0, 0, 560, 2432, 103476
643, 32999706, 0, 0, 0, 0, 0, 0, 0, 0, 0, 1906, -1953, -4629, -1, -1, 0, 574, 2432, 103476
644, 33049952, 0, 0, 0, 0, 0, 0, 0, 0, 0, 1906, -1952, -4629, -1, -1, 0, 574, 2432, 103481
645, 33099523, 0, 0, 0, 0, 0, 0, 0, 0, 0, 1906, -1952, -4629, -1, -2, 0, 560, 2432, 103481
646, 33149942, 0, 0, 0, 0, 0, 0, 0, 0, 0, 1907, -1952, -4629, -1, -3, 0, 574, 2432, 103481
647, 33199716, 0, 0, 0, 0, 0, 0, 0, 0, 0, 1906, -1951, -4629, -1, -2, 0, 574, 2432, 103477
648, 33249766, 0, 0, 0, 0, 0, 0, 0, 0, 0, 1906, -1951, -4629, 0, 0, 0, 560, 2432, 103477
649, 33299701, 0, 0, 0, 0, 0, 0, 0, 0, 0, 1906, -1952, -4629, -1, -1, 0, 574, 2432, 103477
650, 33349948, 0, 0, 0, 0, 0, 0, 0, 0, 0, 1906, -1952, -4629, -2, -2, 0, 574, 2432, 103473
651, 33399519, 0, 0, 0, 0, 0, 0, 0, 0, 0, 1906, -1951, -4629, -1, -2, 0, 560, 2432, 103473
652, 33449940, 0, 0, 0, 0, 0, 0, 0, 0, 0, 1906, -1951, -4629, -1, -2, 0, 574, 2432, 103473
653, 33499712, 0, 0, 0, 0, 0, 0, 0, 0, 0, 1906, -1951, -4629, -1, -1, 0, 574, 2432, 103474
654, 33549763, 0, 0, 0, 0, 0, 0, 0, 0, 0, 1906, -1951, -4629, -1, -2, 1, 560, 2432, 103474
655, 33599696, 0, 0, 0, 0, 0, 0, 0, 0, 0, 1904, -1952, -4628, -21, -24, 11, 574, 2432, 103474
656, 33649944, 0, 0, 0, 0, 0, 0, 0, 0, 0, 1906, -1952, -4629, 23, 22, -7, 574, 2432, 103476
657, 33699514, 0, 0, 0, 0, 0, 0, 0, 0, 0, 1906, -1953, -4629, -13, -13, 5, 560, 2432, 103476
658, 33749935, 0, 0, 0, 0, 0, 0, 0, 0, 0, 1905, -1952, -4629, -1, -1, 0, 574, 2432, 103476
659, 33799709, 0, 0, 0, 0, 0, 0, 0, 0, 0, 1906, -1952, -4629, 2, 1, -1, 574, 2433, 103472
660, 33849759, 0, 0, 0, 0, 0, 0, 0, 0, 0, 1905, -1953, -4629, 0, 1, -1, 560, 2433, 103472
661, 33899692, 0, 0, 0, 0, 0, 0, 0, 0, 0, 1905, -1953, -4629, 0, 0, 0, 574, 2433, 103472
662, 33949939, 0, 0, 0, 0, 0, 0, 0, 0, 0, 1905, -1953, -4629, 1, 0, -1, 574, 2433, 103473
663, 33999512, 0, 0, 0, 0, 0, 0, 0, 0, 0, 1905, -1953, -4629, 0, -1, 0, 560, 2433, 103473
664, 34049934, 0, 0, 0, 0, 0, 0, 0, 0, 0, 1906, -1953, -4629, 0, 0, 0, 574, 2433, 103473
665, 34099705, 0, 0, 0, 0, 0, 0, 0, 0, 0, 1906, -1953, -4629, -1, -1, 0, 574, 2432, 103474
666, 34149757, 0, 0, 0, 0, 0, 0, 0, 0, 0, 1906, -1954, -4629, 0, 0, 0, 560, 2432, 103474
667, 34199692, 0, 0, 0, 0, 0, 0, 0, 0, 0, 1906, -1954, -4628, -1, -1, 0, 574, 2432, 103474
668, 34249938, 0, 0, 0, 0, 0, 0, 0, 0, 0, 1906, -1954, -4628, 0, 0, 0, 574, 2432, 103473
669, 34302791, 0, 0, 0, 0, 0, 0, 0, 0, 0, 1906, -1954, -4628, 0, 0, 0, 560, 2432, 103473
670, 34353134, 0, 0, 0, 0, 0, 0, 0, 0, 0, 1906, -1954, -4627, -1, -1, 0, 574, 2432, 103473
671, 34402795, 0, 0, 0, 0, 0, 0, 0, 0, 0, 1906, -1954, -4627, 0, 0, 0, 574, 2432, 103473
672, 34452765, 0, 0, 0, 0, 0, 0, 0, 0, 0, 1907, -1954, -4627, -1, -1, 0, 560, 2432, 103473
673, 34502614, 0, 0, 0, 0, 0, 0, 0, 0, 0, 1907, -1954, -4627, 0, 0, 0, 574, 2432, 103473
674, 34552765, 0, 0, 0, 0, 0, 0, 0, 0, 0, 1906, -1954, -4627, 0, 0, 0, 574, 2432, 103473
675, 34602218, 0, 0, 0, 0, 0, 0, 0, 0, 0, 1906, -1954, -4627, 0, 0, 0, 560, 2432, 103473
676, 34652533, 0, 0, 0, 0, 0, 0, 0, 0, 0, 1906, -1953, -4627, 0, 0, 0, 574, 2432, 103473
677, 34702227, 0, 0, 0, 0, 0, 0, 0, 0, 0, 1906, -1954, -4627, 0, 0, 1, 574, 2432, 103472
678, 34752197, 0, 0, 0, 0, 0, 0, 0, 0, 0, 1906, -1954, -4626, 0, 0, 1, 560, 2432, 103472
679, 34802045, 0, 0, 0, 0, 0, 0, 0, 0, 0, 1906, -1954, -4626, -1, -1, 0, 574, 2432, 103472
680, 34852195, 0, 0, 0, 0, 0, 0, 0, 0, 0, 1906, -1954, -4626, -1, -1, 0, 574, 2432, 103473
681, 34901664, 0, 0, 0, 0, 0, 0, 0, 0, 0, 1906, -1954, -4626, 0, 0, 0, 560, 2432, 103473
682, 34951998, 0, 0, 0, 0, 0, 0, 0, 0, 0, 1906, -1954, -4626, -1, -2, 0, 574, 2432, 103473
683, 35001682, 0, 0, 0, 0, 0, 0, 0, 0, 0, 1906, -1954, -4626, 0, 0, 0, 574, 2432, 103474
684, 35051625, 0, 0, 0, 0, 0, 0, 0, 0, 0, 1906, -1954, -4626, 1, 0, 0, 560, 2432, 103474
685, 35101483, 0, 0, 0, 0, 0, 0, 0, 0, 0, 1906, -1954, -4626, 0, 0, 0, 574, 2432, 103474
686, 35151789, 0, 0, 0, 0, 0, 0, 0, 0, 0, 1906, -1954, -4625, -1, -1, 0, 574, 2432, 103472
687, 35201106, 0, 0, 0, 0, 0, 0, 0, 0, 0, 1906, -1954, -4626, 0, 0, -1, 560, 2432, 103472
688, 35251439, 0, 0, 0, 0, 0, 0, 0, 0, 0, 1906, -1954, -4625, 0, 0, 1, 574, 2432, 103472
689, 35301121, 0, 0, 0, 0, 0, 0, 0, 0, 0, 1906, -1954, -4625, -1, -1, 0, 574, 2431, 103471
690, 35351074, 0, 0, 0, 0, 0, 0, 0, 0, 0, 1906, -1953, -4625, -1, -2, 0, 560, 2431, 103471
691, 35400931, 0, 0, 0, 0, 0, 0, 0, 0, 0, 1906, -1953, -4625, 0, 0, 0, 574, 2431, 103471
692, 35451089, 0, 0, 0, 0, 0, 0, 0, 0, 0, 1906, -1954, -4625, 0, 0, -1, 574, 2432, 103473
693, 35500554, 0, 0, 0, 0, 0, 0, 0, 0, 0, 1906, -1954, -4625, -1, -1, 0, 560, 2432, 103473
694, 35550859, 0, 0, 0, 0, 0, 0, 0, 0, 0, 1906, -1954, -4625, -1, -1, 1, 574, 2432, 103473
695, 35600559, 0, 0, 0, 0, 0, 0, 0, 0, 0, 1906, -1954, -4624, -1, -1, 1, 574, 2431, 103474
696, 35650529, 0, 0, 0, 0, 0, 0, 0, 0, 0, 1906, -1953, -4624, -1, -1, 0, 560, 2431, 103474
697, 35700341, 0, 0, 0, 0, 0, 0, 0, 0, 0, 1907, -1953, -4624, 0, 0, 0, 574, 2431, 103474
698, 35750502, 0, 0, 0, 0, 0, 0, 0, 0, 0, 1906, -1953, -4624, -1, -1, 1, 574, 2432, 103478
699, 35799962, 0, 0, 0, 0, 0, 0, 0, 0, 0, 1906, -1953, -4624, -1, -1, 1, 560, 2432, 103478
700, 35850297, 0, 0, 0, 0, 0, 0, 0, 0, 0, 1906, -1953, -4623, -1, -1, 0, 581, 2432, 103478
701, 35899982, 0, 0, 0, 0, 0, 0, 0, 0, 0, 1906, -1952, -4624, -1, -1, 0, 574, 2431, 103471
702, 35949921, 0, 0, 0, 0, 0, 0, 0, 0, 0, 1906, -1952, -4623, 0, 0, 0, 560, 2431, 103471
703, 35999774, 0, 0, 0, 0, 0, 0, 0, 0, 0, 1907, -1952, -4623, -1, -1, 1, 574, 2431, 103471
704, 36049919, 0, 0, 0, 0, 0, 0, 0, 0, 0, 1906, -1952, -4623, -1, -1, 0, 574, 2431, 103473
705, 36099478, 0, 0, 0, 0, 0, 0, 0, 0, 0, 1906, -1952, -4623, 0, 0, 0, 560, 2431, 103473
706, 36149897, 0, 0, 0, 0, 0, 0, 0, 0, 0, 1906, -1953, -4623, -1, -1, 0, 574, 2431, 103473
707, 36199671, 0, 0, 0, 0, 0, 0, 0, 0, 0, 1905, -1953, -4623, -1, -1, 0, 574, 2432, 103473
708, 36249721, 0, 0, 0, 0, 0, 0, 0, 0, 0, 1905, -1953, -4623, -1, -1, 0, 560, 2432, 103473
709, 36299656, 0, 0, 0, 0, 0, 0, 0, 0, 0, 1905, -1953, -4623, 0, 0, 0, 574, 2432, 103473
710, 36349902, 0, 0, 0, 0, 0, 0, 0, 0, 0, 1905, -1953, -4623, 0, 0, 0, 574, 2432, 103475
711, 36399473, 0, 0, 0, 0, 0, 0, 0, 0, 0, 1905, -1953, -4622, 0, 0, 1, 560, 2432, 103475
712, 36449893, 0, 0, 0, 0, 0, 0, 0, 0, 0, 1905, -1953, -4622, -1, -2, 0, 574, 2432, 103475
713, 36499669, 0, 0, 0, 0, 0, 0, 0, 0, 0, 1905, -1954, -4622, 0, 0, 0, 574, 2431, 103474
714, 36549717, 0, 0, 0, 0, 0, 0, 0, 0, 0, 1905, -1953, -4622, -1, -1, 0, 560, 2431, 103474
715, 36599650, 0, 0, 0, 0, 0, 0, 0, 0, 0, 1905, -1954, -4622, 0, 0, 0, 574, 2431, 103474
716, 36649899, 0, 0, 0, 0, 0, 0, 0, 0, 0, 1905, -1954, -4622, 0, 0, 0, 574, 2431, 103474
717, 36699471, 0, 0, 0, 0, 0, 0, 0, 0, 0, 1905, -1953, -4622, -1, -1, 0, 560, 2431, 103474
718, 36749889, 0, 0, 0, 0, 0, 0, 0, 0, 0, 1905, -1953, -4622, 1, 0, 0, 574, 2431, 103474
719, 36799662, 0, 0, 0, 0, 0, 0, 0, 0, 0, 1905, -1954, -4621, 0, 0, 0, 574, 2431, 103475
720, 36849713, 0, 0, 0, 0, 0, 0, 0, 0, 0, 1906, -1954, -4621, 0, 0, 0, 560, 2431, 103475
721, 36899646, 0, 0, 0, 0, 0, 0, 0, 0, 0, 1906, -1954, -4621, -1, -2, 0, 574, 2431, 103475
722, 36949892, 0, 0, 0, 0, 0, 0, 0, 0, 0, 1906, -1954, -4621, -1, -1, 0, 574, 2431, 103476
723, 36999464, 0, 0, 0, 0, 0, 0, 0, 0, 0, 1906, -1954, -4621, -1, -1, 0, 560, 2431, 103476
724, 37049883, 0, 0, 0, 0, 0, 0, 0, 0, 0, 1906, -1954, -4621, -1, -1, 0, 574, 2431, 103476
725, 37099656, 0, 0, 0, 0, 0, 0, 0, 0, 0, 1905, -1953, -4621, 0, 0, 0, 574, 2431, 103475
726, 37149707, 0, 0, 0, 0, 0, 0, 0, 0, 0, 1905, -1953, -4621, 0, 0, 0, 560, 2431, 103475
727, 37199641, 0, 0, 0, 0, 0, 0, 0, 0, 0, 1904, -1953, -4621, -1, -1, 0, 574, 2431, 103475
728, 37249887, 0, 0, 0, 0, 0, 0, 0, 0, 0, 1905, -1953, -4621, 0, 0, 0, 574, 2431, 103475
729, 37299459, 0, 0, 0, 0, 0, 0, 0, 0, 0, 1904, -1953, -4621, -1, -2, 0, 560, 2431, 103475
730, 37349878, 0, 0, 0, 0, 0, 0, 0, 0, 0, 1905, -1953, -4621, 0, -1, 1, 574, 2431, 103475
731, 37399652, 0, 0, 0, 0, 0, 0, 0, 0, 0, 1905, -1952, -4621, -1, -1, 0, 574, 2431, 103475
732, 37449703, 0, 0, 0, 0, 0, 0, 0, 0, 0, 1905, -1952, -4621, -1, -1, 0, 560, 2431, 103475
733, 37499636, 0, 0, 0, 0, 0, 0, 0, 0, 0, 1905, -1952, -4621, -1, -1, 0, 574, 2431, 103475
734, 37549884, 0, 0, 0, 0, 0, 0, 0, 0, 0, 1905, -1952, -4621, -1, -2, 0, 574, 2431, 103476
735, 37599454, 0, 0, 0, 0, 0, 0, 0, 0, 0, 1905, -1952, -4620, -1, -1, 0, 560, 2431, 103476
736, 37649874, 0, 0, 0, 0, 0, 0, 0, 0, 0, 1905, -1952, -4620, -1, -1, 0, 574, 2431, 103476
737, 37699649, 0, 0, 0, 0, 0, 0, 0, 0, 0, 1905, -1952, -4620, -1, -2, 0, 574, 2430, 103476
738, 37749696, 0, 0, 0, 0, 0, 0, 0, 0, 0, 1905, -1952, -4620, 0, 0, 0, 560, 2430, 103476
739, 37799633, 0, 0, 0, 0, 0, 0, 0, 0, 0, 1905, -1952, -4620, 0, 0, 0, 574, 2430, 103476
740, 37849882, 0, 0, 0, 0, 0, 0, 0, 0, 0, 1904, -1953, -4620, 0, 0, 0, 574, 2430, 103473
741, 37899452, 0, 0, 0, 0, 0, 0, 0, 0, 0, 1905, -1953, -4620, -1, -1, 0, 560, 2430, 103473
742, 37949869, 0, 0, 0, 0, 0, 0, 0, 0, 0, 1905, -1953, -4620, -1, -1, 1, 574, 2430, 103473
743, 37999644, 0, 0, 0, 0, 0, 0, 0, 0, 0, 1905, -1953, -4620, -1, -1, 0, 574, 2430, 103475
744, 38049692, 0, 0, 0, 0, 0, 0, 0, 0, 0, 1905, -1953, -4620, -1, -1, -1, 560, 2430, 103475
745, 38099626, 0, 0, 0, 0, 0, 0, 0, 0, 0, 1905, -1953, -4620, -1, -2, 0, 574, 2430, 103475
746, 38149876, 0, 0, 0, 0, 0, 0, 0, 0, 0, 1905, -1953, -4620, 0, 0, 0, 574, 2430, 103474
747, 38199446, 0, 0, 0, 0, 0, 0, 0, 0, 0, 1905, -1953, -4620, 0, 0, 0, 560, 2430, 103474
748, 38249865, 0, 0, 0, 0, 0, 0, 0, 0, 0, 1906, -1953, -4620, 0, 0, 0, 574, 2430, 103474
749, 38299641, 0, 0, 0, 0, 0, 0, 0, 0, 0, 1905, -1953, -4620, -1, -1, 0, 574, 2430, 103472
750, 38349690, 0, 0, 0, 0, 0, 0, 0, 0, 0, 1906, -1953, -4620, 1, 0, 0, 560, 2430, 103472
751, 38399624, 0, 0, 0, 0, 0, 0, 0, 0, 0, 1905, -1953, -4620, 0, 1, 0, 574, 2430, 103472
752, 38449871, 0, 0, 0, 0, 0, 0, 0, 0, 0, 1905, -1954, -4620, -1, -1, 0, 574, 2430, 103475
753, 38499442, 0, 0, 0, 0, 0, 0, 0, 0, 0, 1906, -1954, -4620, -1, -2, 0, 560, 2430, 103475
754, 38549861, 0, 0, 0, 0, 0, 0, 0, 0, 0, 1905, -1954, -4621, 0, 0, -1, 574, 2430, 103475
755, 38599635, 0, 0, 0, 0, 0, 0, 0, 0, 0, 1906, -1954, -4621, 0, 0, 0, 574, 2430, 103473
756, 38649713, 0, 0, 0, 0, 0, 0, 0, 0, 0, 1906, -1954, -4621, 0, 0, 0, 560, 2430, 103473
757, 38699619, 0, 0, 0, 0, 0, 0, 0, 0, 0, 1906, -1954, -4621, 0, -1, 0, 574, 2430, 103473
758, 38749865, 0, 0, 0, 0, 0, 0, 0, 0, 0, 1906, -1954, -4621, 1, 0, 0, 574, 2430, 103475
759, 38799435, 0, 0, 0, 0, 0, 0, 0, 0, 0, 1907, -1954, -4621, 1, 0, 0, 560, 2430, 103475
760, 38849857, 0, 0, 0, 0, 0, 0, 0, 0, 0, 1907, -1954, -4621, 0, 0, 0, 574, 2430, 103475
761, 38899630, 0, 0, 0, 0, 0, 0, 0, 0, 0, 1907, -1954, -4621, 0, 0, 0, 574, 2429, 103473
762, 38949679, 0, 0, 0, 0, 0, 0, 0, 0, 0, 1907, -1954, -4621, 0, 0, 0, 560, 2429, 103473
763, 38999613, 4, 0, 0, 0, 0, 0, 0, 0, 0, 1907, -1954, -4621, 0, 0, 0, 574, 2429, 103473
764, 39049860, 4, 0, 0, 0, 0, 0, 0, 0, 0, 1907, -1954, -4621, -1, -2, 0, 574, 2430, 103474
765, 39099432, 4, 0, 0, 0, 0, 0, 0, 0, 0, 1906, -1953, -4621, -1, -2, 0, 560, 2430, 103474
766, 39149852, 4, 0, 0, 0, 0, 0, 0, 0, 0, 1906, -1953, -4621, 0, 0, 0, 574, 2430, 103474
767, 39199625, 4, 0, 0, 0, 0, 0, 0, 0, 0, 1907, -1954, -4621, 0, 0, 0, 574, 2430, 103474
768, 39249676, 4, 0, 0, 0, 0, 0, 0, 0, 0, 1907, -1954, -4620, 0, 0, 0, 560, 2430, 103474
769, 39299609, 4, 0, 0, 0, 0, 0, 0, 0, 0, 1907, -1954, -4620, 0, 0, 0, 574, 2430, 103474
770, 39349855, 4, 0, 0, 0, 0, 0, 0, 0, 0, 1906, -1954, -4620, 0, 0, 0, 574, 2430, 103478
771, 39399428, 4, 0, 0, 0, 0, 0, 0, 0, 0, 1906, -1954, -4620, 0, 0, 0, 560, 2430, 103478
772, 39449846, 4, 0, 0, 0, 0, 0, 0, 0, 0, 1907, -1954, -4620, 0, 0, 1, 574, 2430, 103478
773, 39499621, 4, 0, 0, 0, 0, 0, 0, 0, 0, 1907, -1954, -4620, -1, -1, 0, 574, 2429, 103473
774, 39549671, 4, 0, 0, 0, 0, 0, 0, 0, 0, 1907, -1954, -4620, 0, 0, 0, 560, 2429, 103473
775, 39599604, 4, 0, 0, 0, 0, 0, 0, 0, 0, 1907, -1954, -4620, 0, 0, 0, 574, 2429, 103473
776, 39649855, 4, 0, 0, 0, 0, 0, 0, 0, 0, 1907, -1954, -4620, -1, -1, 0, 574, 2429, 103473
777, 39699422, 4, 0, 0, 0, 0, 0, 0, 0, 0, 1908, -1954, -4620, 0, 0, 0, 560, 2429, 103473
778, 39749843, 4, 0, 0, 0, 0, 0, 0, 0, 0, 1908, -1954, -4620, 0, 0, 0, 574, 2429, 103473
779, 39799620, 4, 2047, 0, 0, 0, 255, 255, 255, 255, 1908, -1954, -4620, 0, 0, 0, 574, 2429, 103470
780, 39852875, 4, 2047, 0, 0, 0, 255, 255, 255, 255, 1908, -1954, -4620, -1, -2, 0, 560, 2429, 103470
781, 39902729, 4, 2047, 0, 0, 0, 255, 255, 255, 255, 1907, -1955, -4620, 0, 0, 0, 574, 2429, 103470
782, 39952878, 4, 2047, 0, 0, 0, 255, 255, 255, 255, 1907, -1955, -4620, -1, -1, -1, 574, 2429, 103474
783, 40002346, 4, 2047, 0, 0, 0, 255, 255, 255, 255, 1907, -1955, -4620, -1, -2, 0, 560, 2429, 103474
784, 40052677, 4, 2047, 0, 0, 0, 255, 255, 255, 255, 1907, -1954, -4620, 1, 0, 0, 574, 2429, 103474
785, 40102339, 4, 190, 0, 0, -214, 23, 23, 23, 23, 1907, -1954, -4620, -1, -1, 0, 574, 2429, 103472
786, 40152302, 4, 190, 0, 0, -214, 23, 23, 23, 23, 1906, -1954, -4620, 0, 0, 0, 560, 2429, 103472
787, 40202155, 4, 0, 0, 0, 0, 0, 0, 0, 0, 1906, -1955, -4620, 0, 0, 0, 574, 2429, 103472
788, 40252309, 4, 0, 0, 0, 0, 0, 0, 0, 0, 1906, -1954, -4620, -1, -1, 0, 574, 2429, 103472
789, 40301775, 4, 0, 0, 0, 0, 0, 0, 0, 0, 1906, -1954, -4620, -1, -1, 0, 560, 2429, 103472
790, 40352121, 4, 0, 0, 0, 0, 0, 0, 0, 0, 1906, -1954, -4620, -1, -1, 0, 574, 2429, 103472
791, 40401800, 4, 0, 0, 0, 0, 0, 0, 0, 0, 1906, -1953, -4620, -1, -1, 0, 574, 2429, 103473
792, 40451756, 4, 0, 0, 0, 0, 0, 0, 0, 0, 1906, -1953, -4620, 0, 0, 0, 560, 2429, 103473
793, 40501604, 4, 0, 0, 0, 0, 0, 0, 0, 0, 1906, -1953, -4620, -1, -1, 0, 574, 2429, 103473
794, 40551758, 4, 0, 0, 0, 0, 0, 0, 0, 0, 1906, -1953, -4620, -1, -1, 0, 574, 2428, 103470
795, 40601225, 4, 0, 0, 0, 0, 0, 0, 0, 0, 1906, -1953, -4620, 0, 0, 0, 560, 2428, 103470
796, 40651571, 4, 0, 0, 0, 0, 0, 0, 0, 0, 1906, -1954, -4620, 0, 0, 0, 574, 2428, 103470
797, 40701233, 4, 696, 0, 0, -59, 87, 87, 87, 87, 1906, -1954, -4620, 0, 0, 0, 574, 2428, 103470
798, 40751190, 4, 696, 0, 0, -59, 87, 87, 87, 87, 1907, -1954, -4620, -1, -1, 0, 560, 2428, 103470
799, 40801043, 4, 696, 0, 0, -59, 87, 87, 87, 87, 1907, -1954, -4620, 0, 1, 0, 574, 2428, 103470
800, 40851203, 4, 696, 0, 0, -59, 87, 87, 87, 87, 1907, -1954, -4620, 0, -1, 0, 574, 2428, 103471
801, 40900689, 4, 2047, 0, 0, -132, 255, 255, 255, 255, 1907, -1954, -4620, -1, -1, 1, 560, 2428, 103471
802, 40951015, 4, 2047, 0, 0, -132, 255, 255, 255, 255, 1908, -1953, -4619, -1, -1, 1, 574, 2428, 103471
803, 41000705, 4, 2047, 0, 0, -37, 255, 255, 255, 255, 1907, -1953, -4619, 0, 0, 0, 574, 2428, 103472
804, 41050674, 4, 2047, 0, 0, -37, 255, 255, 255, 255, 1907, -1953, -4620, -1, -1, 0, 560, 2428, 103472
805, 41100509, 4, 2047, 0, 0, -172, 255, 255, 255, 255, 1907, -1952, -4619, -1, -2, 1, 574, 2428, 103472
806, 41150658, 4, 2047, 0, 0, -172, 255, 255, 255, 255, 1908, -1953, -4619, 0, 0, 0, 574, 2428, 103472
807, 41200142, 4, 2047, 0, 0, -172, 255, 255, 255, 255, 1908, -1953, -4619, -1, -2, 0, 560, 2428, 103472
808, 41250475, 4, 2047, 0, 0, -172, 255, 255, 255, 255, 1908, -1953, -4619, -1, -2, 0, 574, 2428, 103472
809, 41300143, 4, 2047, 0, 0, -256, 255, 255, 255, 255, 1908, -1953, -4619, 0, 0, 0, 574, 2428, 103473
810, 41350119, 4, 2047, 0, 0, -256, 255, 255, 255, 255, 1908, -1953, -4619, 0, 0, 0, 560, 2428, 103473
811, 41399934, 4, 1309, 0, 0, -196, 163, 163, 163, 163, 1908, -1953, -4619, 0, 0, 0, 574, 2428, 103473
812, 41450100, 4, 1309, 0, 0, -196, 163, 163, 163, 163, 1908, -1953, -4620, -1, -1, 0, 574, 2427, 103473
813, 41499585, 4, 1266, 0, 0, -177, 158, 158, 158, 158, 1908, -1953, -4619, 0, 0, 0, 560, 2427, 103473
814, 41549911, 4, 1266, 0, 0, -177, 158, 158, 158, 158, 1908, -1953, -4620, -1, -2, 0, 574, 2427, 103473
815, 41599589, 4, 1266, 0, 0, -172, 158, 158, 158, 158, 1908, -1953, -4620, -1, -1, 0, 574, 2427, 103472
816, 41649638, 4, 1266, 0, 0, -172, 158, 158, 158, 158, 1908, -1953, -4620, 0, 0, 0, 560, 2427, 103472
817, 41699572, 4, 1266, 0, 0, -172, 158, 158, 158, 158, 1908, -1953, -4620, -1, -1, 0, 574, 2427, 103472
818, 41749819, 4, 1266, 0, 0, -172, 158, 158, 158, 158, 1908, -1952, -4620, -1, -1, 0, 574, 2428, 103474
819, 41799390, 4, 1773, 0, 0, -159, 221, 221, 221, 221, 1908, -1952, -4620, 0, 0, 0, 560, 2428, 103474
820, 41849811, 4, 1773, 0, 0, -159, 221, 221, 221, 221, 1908, -1952, -4620, -1, -2, 0, 581, 2428, 103474
821, 41899585, 4, 1456, 0, 0, -169, 182, 182, 182, 182, 1908, -1952, -4620, -1, -2, 0, 574, 2427, 103474
822, 41949634, 4, 1456, 0, 0, -169, 182, 182, 182, 182, 1908, -1952, -4620, -1, -2, 1, 560, 2427, 103474
823, 41999568, 4, 548, 0, 0, -191, 68, 68, 68, 68, 1908, -1952, -4620, 0, 0, 0, 574, 2427, 103474
824, 42049816, 4, 548, 0, 0, -191, 68, 68, 68, 68, 1908, -1952, -4620, -1, -1, 0, 574, 2427, 103471
825, 42099386, 4, 0, 0, 0, 0, 0, 0, 0, 0, 1908, -1952, -4620, -1, -1, 1, 560, 2427, 103471
826, 42149806, 4, 0, 0, 0, 0, 0, 0, 0, 0, 1907, -1952, -4620, -1, -1, 0, 574, 2427, 103471
827, 42199581, 4, 0, 0, 0, 0, 0, 0, 0, 0, 1907, -1952, -4621, -1, -2, -1, 574, 2427, 103476
828, 42249630, 4, 0, 0, 0, 0, 0, 0, 0, 0, 1907, -1953, -4621, -1, -1, 0, 560, 2427, 103476
829, 42299564, 4, 0, 0, 0, 0, 0, 0, 0, 0, 1906, -1952, -4621, -1, -2, 0, 574, 2427, 103476
830, 42349811, 4, 0, 0, 0, 0, 0, 0, 0, 0, 1906, -1953, -4621, 0, 0, 0, 574, 2427, 103476
831, 42399384, 4, 1309, 0, 0, -14, 163, 163, 163, 163, 1907, -1953, -4621, 0, 0, 0, 560, 2427, 103476
832, 42449802, 4, 1309, 0, 0, -14, 163, 163, 163, 163, 1907, -1953, -4621, 0, 0, 0, 574, 2427, 103476
833, 42499576, 4, 295, 0, 0, -11, 36, 36, 36, 36, 1906, -1953, -4621, -1, -1, 0, 574, 2427, 103479
834, 42549626, 4, 295, 0, 0, -11, 36, 36, 36, 36, 1907, -1953, -4620, 1, 1, 0, 560, 2427, 103479
835, 42599558, 4, 0, 0, 0, 0, 0, 0, 0, 0, 1906, -1953, -4620, 0, 0, 0, 574, 2427, 103479
836, 42649805, 4, 0, 0, 0, 0, 0, 0, 0, 0, 1906, -1953, -4620, 0, 1, 0, 574, 2427, 103481
837, 42699376, 4, 0, 0, 0, 0, 0, 0, 0, 0, 1907, -1954, -4620, 0, 0, 0, 560, 2427, 103481
838, 42749798, 4, 0, 0, 0, 0, 0, 0, 0, 0, 1907, -1954, -4620, 0, 0, 0, 574, 2427, 103481
839, 42799570, 4, 0, 0, 0, 0, 0, 0, 0, 0, 1906, -1954, -4620, 0, 0, 0, 574, 2427, 103483
840, 42849623, 4, 0, 0, 0, 0, 0, 0, 0, 0, 1906, -1954, -4620, 0, 0, 0, 560, 2427, 103483
841, 42899555, 4, 1203, 0, 0, -56, 150, 150, 150, 150, 1906, -1954, -4620, 0, 0, -1, 574, 2427, 103483
842, 42949802, 4, 1203, 0, 0, -56, 150, 150, 150, 150, 1907, -1954, -4620, 1, 0, 0, 574, 2427, 103485
843, 42999373, 4, 1161, 0, 0, 0, 145, 145, 145, 145, 1907, -1954, -4620, -1, -1, 0, 560, 2427, 103485
844, 43049792, 4, 1161, 0, 0, 0, 145, 145, 145, 145, 1907, -1954, -4620, 0, 0, 0, 574, 2427, 103485
845, 43099565, 4, 1224, 0, 0, 0, 153, 153, 153, 153, 1907, -1954, -4621, -1, -1, -1, 574, 2426, 103483
846, 43149615, 4, 1224, 0, 0, 0, 153, 153, 153, 153, 1908, -1954, -4621, -1, -1, 0, 560, 2426, 103483
847, 43199549, 4, 1224, 0, 0, 0, 153, 153, 153, 153, 1908, -1954, -4621, 0, 0, 0, 574, 2426, 103483
848, 43249797, 4, 1224, 0, 0, 0, 153, 153, 153, 153, 1908, -1954, -4621, 0, 0, -1, 574, 2426, 103481
849, 43299368, 4, 2047, 0, 0, 0, 255, 255, 255, 255, 1908, -1954, -4621, -1, -1, 0, 560, 2426, 103481
850, 43349788, 4, 2047, 0, 0, 0, 255, 255, 255, 255, 1908, -1954, -4621, -1, -1, 0, 574, 2426, 103481
851, 43399560, 4, 2047, 0, 0, 0, 255, 255, 255, 255, 1907, -1954, -4621, 0, 0, 0, 574, 2426, 103484
852, 43449613, 4, 2047, 0, 0, 0, 255, 255, 255, 255, 1907, -1954, -4621, -1, -1, 0, 560, 2426, 103484
853, 43499546, 4, 2047, 0, 0, 0, 255, 255, 255, 255, 1907, -1954, -4621, 0, 0, 0, 574, 2426, 103484
854, 43549792, 4, 2047, 0, 0, 0, 255, 255, 255, 255, 1907, -1954, -4621, -1, -1, 0, 574, 2427, 103481
855, 43599363, 4, 2047, 0, 0, 0, 255, 255, 255, 255, 1907, -1954, -4622, 0, 0, -1, 560, 2427, 103481
856, 43649783, 4, 2047, 0, 0, 0, 255, 255, 255, 255, 1906, -1955, -4622, 1, 0, 0, 574, 2427, 103481
857, 43699556, 4, 2047, 0, 0, 0, 255, 255, 255, 255, 1907, -1955, -4622, -1, -1, 0, 574, 2426, 103479
858, 43749607, 4, 2047, 0, 0, 0, 255, 255, 255, 255, 1907, -1955, -4622, -1, -2, 0, 560, 2426, 103479
859, 43799539, 4, 2047, 0, 0, 0, 255, 255, 255, 255, 1907, -1955, -4622, -1, -1, -1, 574, 2426, 103479
860, 43849788, 4, 2047, 0, 0, 0, 255, 255, 255, 255, 1907, -1955, -4622, -1, -1, 0, 574, 2426, 103476
861, 43899359, 4, 2047, 0, 0, 0, 255, 255, 255, 255, 1907, -1955, -4622, -1, -1, -1, 560, 2426, 103476
862, 43949780, 4, 2047, 0, 0, 0, 255, 255, 255, 255, 1906, -1955, -4622, -1, -1, 0, 574, 2426, 103476
863, 43999552, 4, 2047, 0, 0, 0, 255, 255, 255, 255, 1906, -1954, -4622, -1, -1, 0, 574, 2426, 103477
864, 44049602, 4, 2047, 0, 0, 0, 255, 255, 255, 255, 1906, -1954, -4622, -1, -1, 0, 560, 2426, 103477
865, 44099536, 4, 2047, 0, 0, 0, 255, 255, 255, 255, 1906, -1954, -4622, 0, 0, 0, 574, 2426, 103477
866, 44149783, 4, 2047, 0, 0, 0, 255, 255, 255, 255, 1906, -1954, -4622, -1, -1, 0, 574, 2427, 103478
867, 44199353, 4, 2047, 0, 0, 0, 255, 255, 255, 255, 1906, -1954, -4622, 0, 0, 0, 560, 2427, 103478
868, 44249775, 4, 2047, 0, 0, 0, 255, 255, 255, 255, 1906, -1954, -4622, 0, 0, 0, 574, 2427, 103478
869, 44299547, 4, 2047, 0, 0, 0, 255, 255, 255, 255, 1906, -1954, -4622, -1, -1, 0, 574, 2426, 103477
870, 44349597, 4, 2047, 0, 0, 0, 255, 255, 255, 255, 1905, -1954, -4622, -1, -2, 0, 560, 2426, 103477
871, 44399532, 4, 2047, 0, 0, 0, 255, 255, 255, 255, 1906, -1954, -4622, 0, 0, 0, 574, 2426, 103477
872, 44449778, 4, 2047, 0, 0, 0, 255, 255, 255, 255, 1906, -1954, -4622, 0, 0, -1, 574, 2426, 103481
873, 44499349, 4, 2047, 0, 0, 0, 255, 255, 255, 255, 1906, -1954, -4622, 0, 0, 0, 560, 2426, 103481
874, 44549770, 4, 2047, 0, 0, 0, 255, 255, 255, 255, 1906, -1954, -4622, 0, 0, 0, 574, 2426, 103481
875, 44599545, 4, 2047, 0, 0, 0, 255, 255, 255, 255, 1906, -1954, -4622, 0, 0, -1, 574, 2426, 103482
876, 44649593, 4, 2047, 0, 0, 0, 255, 255, 255, 255, 1906, -1954, -4622, 0, 0, -1, 560, 2426, 103482
877, 44699526, 4, 2047, 0, 0, 0, 255, 255, 255, 255, 1906, -1954, -4622, -1, -1, 0, 574, 2426, 103482
878, 44749775, 4, 2047, 0, 0, 0, 255, 255, 255, 255, 1906, -1954, -4622, -1, -1, 0, 574, 2426, 103487
879, 44799345, 4, 2047, 0, 0, 0, 255, 255, 255, 255, 1906, -1954, -4622, -1, -2, 1, 560, 2426, 103487
880, 44849766, 4, 2047, 0, 0, 0, 255, 255, 255, 255, 1907, -1954, -4622, -1, -3, 0, 574, 2426, 103487
881, 44899538, 4, 2047, 0, 0, 0, 255, 255, 255, 255, 1907, -1954, -4622, 0, -1, 0, 574, 2425, 103484
882, 44949587, 4, 2047, 0, 0, 0, 255, 255, 255, 255, 1906, -1954, -4622, -1, -1, 0, 560, 2425, 103484
883, 44999522, 4, 2047, 0, 0, 0, 255, 255, 255, 255, 1906, -1954, -4622, -1, -1, 1, 574, 2425, 103484
884, 45049774, 4, 2047, 0, 0, 0, 255, 255, 255, 255, 1907, -1954, -4622, 1, 0, 0, 574, 2426, 103488
885, 45099340, 4, 2047, 0, 0, 0, 255, 255, 255, 255, 1907, -1954, -4622, 0, 0, -1, 560, 2426, 103488
886, 45149764, 4, 2047, 0, 0, 0, 255, 255, 255, 255, 1907, -1954, -4622, -1, -1, 0, 574, 2426, 103488
887, 45199533, 4, 2047, 0, 0, 0, 255, 255, 255, 255, 1907, -1954, -4622, 1, 1, 0, 574, 2425, 103492
888, 45249589, 4, 2047, 0, 0, 0, 255, 255, 255, 255, 1907, -1954, -4622, -1, -1, 0, 553, 2425, 103492
889, 45302757, 4, 2047, 0, 0, 0, 255, 255, 255, 255, 1908, -1954, -4622, -1, -1, 1, 574, 2425, 103492
890, 45352909, 4, 2047, 0, 0, 0, 255, 255, 255, 255, 1908, -1954, -4622, -1, -1, 0, 574, 2426, 103496
891, 45402388, 4, 2047, 0, 0, 0, 255, 255, 255, 255, 1908, -1954, -4623, -1, -2, 0, 560, 2426, 103496
892, 45452713, 4, 2047, 0, 0, 0, 255, 255, 255, 255, 1908, -1954, -4623, -1, -2, 0, 574, 2426, 103496
893, 45502574, 4, 2047, 0, 0, 0, 255, 255, 255, 255, 1908, -1954, -4623, -1, -2, 0, 574, 2426, 103499
894, 45552392, 4, 2047, 0, 0, 0, 255, 255, 255, 255, 1907, -1954, -4623, -1, -2, 0, 560, 2426, 103499
895, 45602221, 4, 2047, 0, 0, 0, 255, 255, 255, 255, 1907, -1953, -4623, -1, -1, 0, 574, 2426, 103499
896, 45652386, 4, 2047, 0, 0, 0, 255, 255, 255, 255, 1907, -1953, -4623, 0, 0, 0, 574, 2426, 103499
897, 45701871, 4, 2047, 0, 0, 0, 255, 255, 255, 255, 1907, -1953, -4623, 0, 0, -1, 560, 2426, 103499
898, 45752181, 4, 2047, 0, 0, 0, 255, 255, 255, 255, 1907, -1954, -4623, 0, 0, 0, 574, 2426, 103499
899, 45801852, 4, 2047, 0, 0, 0, 255, 255, 255, 255, 1907, -1954, -4623, 0, 0, 0, 574, 2426, 103497
900, 45851823, 4, 2047, 0, 0, 0, 255, 255, 255, 255, 1907, -1954, -4623, -1, -1, 0, 560, 2426, 103497
901, 45901662, 4, 2047, 0, 0, 0, 255, 255, 255, 255, 1907, -1954, -4623, -1, -1, 0, 574, 2426, 103497
902, 45951826, 4, 2047, 0, 0, 0, 255, 255, 255, 255, 1907, -1954, -4622, -1, -1, 1, 574, 2426, 103501
903, 46001297, 4, 2047, 0, 0, 0, 255, 255, 255, 255, 1907, -1954, -4622, -1, -2, 0, 560, 2426, 103501
904, 46051624, 4, 2047, 0, 0, 0, 255, 255, 255, 255, 1907, -1954, -4622, 0, 0, 0, 574, 2426, 103501
905, 46101318, 4, 2047, 0, 0, 0, 255, 255, 255, 255, 1907, -1954, -4622, 0, 0, 1, 574, 2426, 103500
906, 46151275, 4, 2047, 0, 0, 0, 255, 255, 255, 255, 1908, -1954, -4622, 0, 0, 0, 560, 2426, 103500
907, 46201130, 4, 2047, 0, 0, 0, 255, 255, 255, 255, 1908, -1954, -4621, -1, -1, 1, 574, 2426, 103500
908, 46251279, 4, 2047, 0, 0, 0, 255, 255, 255, 255, 1909, -1954, -4621, -1, -1, -1, 574, 2426, 103496
909, 46300761, 4, 2047, 0, 0, 0, 255, 255, 255, 255, 1909, -1954, -4621, -1, -1, 0, 560, 2426, 103496
910, 46351096, 4, 2047, 0, 0, 0, 255, 255, 255, 255, 1909, -1954, -4621, 0, 1, 0, 574, 2426, 103496
911, 46400778, 4, 2047, 0, 0, 0, 255, 255, 255, 255, 1909, -1955, -4621, -1, -1, -1, 574, 2426, 103496
912, 46450734, 4, 2047, 0, 0, 0, 255, 255, 255, 255, 1909, -1954, -4621, 0, 0, 0, 560, 2426, 103496
913, 46500579, 4, 2047, 0, 0, 0, 255, 255, 255, 255, 1908, -1955, -4621, 0, 0, 0, 574, 2426, 103496
914, 46550696, 4, 2047, 0, 0, 0, 255, 255, 255, 255, 1908, -1955, -4621, 0, 0, -1, 574, 2426, 103491
915, 46600182, 4, 2047, 0, 0, 0, 255, 255, 255, 255, 1908, -1955, -4621, 0, 0, 0, 560, 2426, 103491
916, 46650508, 4, 2047, 0, 0, 0, 255, 255, 255, 255, 1908, -1955, -4621, -1, -1, 0, 574, 2426, 103491
917, 46700193, 4, 2047, 0, 0, 0, 255, 255, 255, 255, 1908, -1955, -4621, -1, -1, 0, 574, 2426, 103489
918, 46750142, 4, 2047, 0, 0, 0, 255, 255, 255, 255, 1908, -1955, -4621, 0, 0, 0, 560, 2426, 103489
919, 46799976, 4, 2047, 0, 0, 0, 255, 255, 255, 255, 1909, -1955, -4620, 0, 0, 1, 574, 2426, 103489
920, 46850144, 4, 2047, 0, 0, 0, 255, 255, 255, 255, 1909, -1955, -4620, -1, -1, 0, 574, 2425, 103486
921, 46899624, 4, 2047, 0, 0, 0, 255, 255, 255, 255, 1909, -1955, -4620, -1, -2, -1, 560, 2425, 103486
922, 46949940, 4, 2047, 0, 0, 0, 255, 255, 255, 255, 1909, -1954, -4620, 0, 0, 1, 574, 2425, 103486
923, 46999611, 4, 2047, 0, 0, 0, 255, 255, 255, 255, 1909, -1954, -4620, -1, -1, 0, 574, 2426, 103488
924, 47049582, 4, 2047, 0, 0, 0, 255, 255, 255, 255, 1908, -1954, -4620, 0, 0, 0, 560, 2426, 103488
925, 47099489, 4, 2047, 0, 0, 0, 255, 255, 255, 255, 1908, -1954, -4620, -1, -1, -1, 574, 2426, 103488
926, 47149737, 4, 2047, 0, 0, 0, 255, 255, 255, 255, 1909, -1954, -4619, 0, 0, 0, 574, 2425, 103488
927, 47199309, 4, 2047, 0, 0, 0, 255, 255, 255, 255, 1909, -1954, -4619, 0, 0, 0, 560, 2425, 103488
928, 47249728, 4, 2047, 0, 0, 0, 255, 255, 255, 255, 1908, -1954, -4619, -1, -2, 0, 574, 2425, 103488
929, 47299502, 4, 2047, 0, 0, 0, 255, 255, 255, 255, 1908, -1954, -4619, -1, -1, 0, 574, 2426, 103490
930, 47349553, 4, 2047, 0, 0, 0, 255, 255, 255, 255, 1908, -1953, -4619, -1, -1, 0, 560, 2426, 103490
931, 47399486, 4, 2047, 0, 0, 0, 255, 255, 255, 255, 1909, -1953, -4619, 0, 0, 0, 574, 2426, 103490
932, 47449732, 4, 2047, 0, 0, 0, 255, 255, 255, 255, 1909, -1953, -4619, 0, 0, 0, 574, 2425, 103489
933, 47499306, 4, 2047, 0, 0, 0, 255, 255, 255, 255, 1909, -1953, -4619, 0, 0, 0, 560, 2425, 103489
934, 47549723, 4, 2047, 0, 0, 0, 255, 255, 255, 255, 1909, -1953, -4619, -1, -1, 0, 574, 2425, 103489
935, 47599499, 4, 2047, 0, 0, 0, 255, 255, 255, 255, 1909, -1953, -4619, -1, -1, 1, 574, 2425, 103486
936, 47649547, 4, 2047, 0, 0, 0, 255, 255, 255, 255, 1909, -1953, -4619, 0, 0, 0, 560, 2425, 103486
937, 47699483, 4, 2047, 0, 0, 0, 255, 255, 255, 255, 1909, -1953, -4619, -1, -1, 0, 574, 2425, 103486
938, 47749729, 4, 2047, 0, 0, 0, 255, 255, 255, 255, 1909, -1953, -4619, 0, 0, 0, 574, 2425, 103486
939, 47799298, 4, 2047, 0, 0, 0, 255, 255, 255, 255, 1909, -1953, -4619, -1, -1, 0, 560, 2425, 103486
940, 47849720, 4, 2047, 0, 0, 0, 255, 255, 255, 255, 1909, -1954, -4619, -1, -2, 0, 581, 2425, 103486
941, 47899493, 4, 2047, 0, 0, 0, 255, 255, 255, 255, 1909, -1954, -4618, -1, -1, 0, 574, 2425, 103486
942, 47949543, 4, 2047, 0, 0, 0, 255, 255, 255, 255, 1909, -1954, -4618, -1, -1, 0, 560, 2425, 103486
943, 47999477, 4, 2047, 0, 0, 0, 255, 255, 255, 255, 1909, -1954, -4618, -1, -1, 0, 574, 2425, 103486
944, 48049723, 4, 2047, 0, 0, 0, 255, 255, 255, 255, 1908, -1954, -4618, 0, 0, 0, 574, 2425, 103484
945, 48099294, 4, 2047, 0, 0, 0, 255, 255, 255, 255, 1909, -1954, -4618, -1, -1, 0, 560, 2425, 103484
946, 48149715, 4, 2047, 0, 0, 0, 255, 255, 255, 255, 1909, -1955, -4618, 0, 0, 0, 574, 2425, 103484
947, 48199487, 4, 2047, 0, 0, 0, 255, 255, 255, 255, 1909, -1955, -4618, -1, -1, 1, 574, 2425, 103480
948, 48249538, 4, 2047, 0, 0, 0, 255, 255, 255, 255, 1909, -1955, -4618, 1, 0, 0, 560, 2425, 103480
949, 48299475, 4, 2047, 0, 0, 0, 255, 255, 255, 255, 1909, -1955, -4617, -1, -2, 0, 574, 2425, 103480
950, 48349720, 4, 2047, 0, 0, 0, 255, 255, 255, 255, 1909, -1955, -4618, -2, -1, -1, 574, 2425, 103478
951, 48399291, 4, 2047, 0, 0, 0, 255, 255, 255, 255, 1909, -1955, -4618, -1, -3, 0, 560, 2425, 103478
952, 48449710, 4, 2047, 0, 0, 0, 255, 255, 255, 255, 1908, -1954, -4618, 0, 0, 0, 574, 2425, 103478
953, 48499483, 4, 2047, 0, 0, 0, 255, 255, 255, 255, 1908, -1954, -4618, -1, -1, 1, 574, 2425, 103472
954, 48549532, 4, 2047, 0, 0, 0, 255, 255, 255, 255, 1908, -1954, -4618, -1, -1, 0, 560, 2425, 103472
955, 48599469, 4, 2047, 0, 0, 0, 255, 255, 255, 255, 1908, -1954, -4618, 0, 0, 0, 574, 2425, 103472
956, 48649713, 4, 2047, 0, 0, 0, 255, 255, 255, 255, 1908, -1954, -4618, 0, 0, 0, 574, 2425, 103472
957, 48699285, 4, 2047, 0, 0, 0, 255, 255, 255, 255, 1908, -1954, -4618, -1, -1, -1, 560, 2425, 103472
958, 48749707, 4, 2047, 0, 0, 0, 255, 255, 255, 255, 1908, -1954, -4618, -1, -1, 0, 574, 2425, 103472
959, 48799480, 4, 2047, 0, 0, 0, 255, 255, 255, 255, 1908, -1954, -4617, 0, 0, 0, 574, 2425, 103471
960, 48849531, 4, 2047, 0, 0, 0, 255, 255, 255, 255, 1909, -1954, -4617, 0, 0, 0, 560, 2425, 103471
961, 48899461, 4, 2047, 0, 0, 0, 255, 255, 255, 255, 1909, -1954, -4617, -1, -1, 0, 574, 2425, 103471
962, 48949711, 4, 2047, 0, 0, 0, 255, 255, 255, 255, 1909, -1954, -4617, 0, 0, 0, 574, 2424, 103472
963, 48999282, 4, 2047, 0, 0, 0, 255, 255, 255, 255, 1908, -1954, -4617, 0, 0, 0, 560, 2424, 103472
964, 49049700, 4, 2047, 0, 0, 0, 255, 255, 255, 255, 1908, -1954, -4617, 0, 0, 0, 574, 2424, 103472
965, 49099474, 4, 2047, 0, 0, 0, 255, 255, 255, 255, 1908, -1954, -4617, 0, 0, 0, 574, 2425, 103473
966, 49149523, 4, 2047, 0, 0, 0, 255, 255, 255, 255, 1909, -1954, -4616, -1, -1, 0, 560, 2425, 103473
967, 49199460, 4, 2047, 0, 0, 0, 255, 255, 255, 255, 1909, -1954, -4616, -1, -2, 1, 574, 2425, 103473
968, 49249705, 4, 2047, 0, 0, 0, 255, 255, 255, 255, 1908, -1954, -4616, -1, -1, 0, 574, 2424, 103471
969, 49299277, 4, 2047, 0, 0, 0, 255, 255, 255, 255, 1908, -1954, -4616, 0, 0, 0, 560, 2424, 103471
970, 49349696, 4, 2047, 0, 0, 0, 255, 255, 255, 255, 1908, -1953, -4616, 0, 0, 0, 574, 2424, 103471
971, 49399471, 4, 2047, 0, 0, 0, 255, 255, 255, 255, 1908, -1954, -4616, 1, 0, 0, 574, 2425, 103473
972, 49449519, 4, 2047, 0, 0, 0, 255, 255, 255, 255, 1908, -1953, -4616, 1, 2, -1, 560, 2425, 103473
973, 49499454, 4, 2047, 0, 0, 0, 255, 255, 255, 255, 1907, -1953, -4616, 1, 0, 0, 574, 2425, 103473
974, 49549699, 4, 2047, 0, 0, 0, 255, 255, 255, 255, 1907, -1953, -4616, 0, 0, 0, 574, 2425, 103477
975, 49599272, 4, 2047, 0, 0, 0, 255, 255, 255, 255, 1907, -1953, -4615, 0, 1, 0, 560, 2425, 103477
976, 49649690, 4, 2047, 0, 0, 0, 255, 255, 255, 255, 1907, -1954, -4615, 0, 0, 0, 574, 2425, 103477
977, 49699466, 4, 2047, 0, 0, 0, 255, 255, 255, 255, 1907, -1954, -4615, 0, 1, 0, 574, 2425, 103476
978, 49749516, 4, 2047, 0, 0, 0, 255, 255, 255, 255, 1907, -1954, -4615, 0, 0, 0, 560, 2425, 103476
979, 49799448, 4, 2047, 0, 0, 0, 255, 255, 255, 255, 1907, -1955, -4615, 0, 1, 0, 574, 2425, 103476
980, 49849698, 4, 2047, 0, 0, 0, 255, 255, 255, 255, 1906, -1955, -4615, -1, -2, 0, 574, 2425, 103474
981, 49899269, 4, 2047, 0, 0, 0, 255, 255, 255, 255, 1906, -1955, -4615, -1, -1, 0, 560, 2425, 103474
982, 49949688, 4, 2047, 0, 0, 0, 255, 255, 255, 255, 1906, -1955, -4615, -1, -1, 0, 574, 2425, 103474
983, 49999462, 4, 2047, 0, 0, 0, 255, 255, 255, 255, 1906, -1955, -4615, 0, 0, 0, 574, 2424, 103474
984, 50049511, 4, 2047, 0, 0, 0, 255, 255, 255, 255, 1906, -1955, -4615, 0, 0, 0, 560, 2424, 103474
985, 50099444, 4, 2047, 0, 0, 0, 255, 255, 255, 255, 1906, -1955, -4615, 0, 0, 0, 574, 2424, 103474
986, 50149691, 4, 2047, 0, 0, 0, 255, 255, 255, 255, 1906, -1956, -4615, 0, 0, -1, 574, 2424, 103472
987, 50199264, 4, 2047, 0, 0, 0, 255, 255, 255, 255, 1907, -1955, -4615, 0, 0, 0, 560, 2424, 103472
988, 50249683, 4, 2047, 0, 0, 0, 255, 255, 255, 255, 1907, -1955, -4615, 0, 0, 0, 574, 2424, 103472
989, 50299456, 4, 2047, 0, 0, 0, 255, 255, 255, 255, 1907, -1955, -4614, -1, -1, 0, 574, 2424, 103476
990, 50349505, 4, 2047, 0, 0, 0, 255, 255, 255, 255, 1907, -1955, -4614, 0, 0, 0, 560, 2424, 103476
991, 50399440, 4, 2047, 0, 0, 0, 255, 255, 255, 255, 1907, -1955, -4614, 0, 0, 0, 574, 2424, 103476
992, 50449688, 4, 2047, 0, 0, 0, 255, 255, 255, 255, 1907, -1956, -4614, -1, -1, 1, 574, 2425, 103479
993, 50499260, 4, 2047, 0, 0, 0, 255, 255, 255, 255, 1907, -1955, -4614, -1, -2, 0, 560, 2425, 103479
994, 50549683, 4, 2047, 0, 0, 0, 255, 255, 255, 255, 1907, -1955, -4614, -1, -2, 0, 574, 2425, 103479
995, 50599451, 4, 0, 0, 0, 0, 0, 0, 0, 0, 1907, -1956, -4613, 0, 0, 0, 574, 2424, 103475
996, 50649507, 4, 0, 0, 0, 0, 0, 0, 0, 0, 1907, -1956, -4613, 0, 0, 0, 560, 2424, 103475
997, 50699438, 4, 0, 0, 0, 0, 0, 0, 0, 0, 1907, -1956, -4613, -1, -1, 0, 574, 2424, 103475
998, 50752925, 4, 0, 0, 0, 0, 0, 0, 0, 0, 1908, -1956, -4613, -1, -1, 0, 574, 2424, 103476
999, 50802419, 4, 0, 0, 0, 0, 0, 0, 0, 0, 1907, -1956, -4613, -1, -2, 1, 560, 2424, 103476
1000, 50852766, 4, 0, 0, 0, 0, 0, 0, 0, 0, 1907, -1956, -4613, -1, -2, 0, 574, 2424, 103476
1001, 50902438, 4, 0, 0, 0, 0, 0, 0, 0, 0, 1906, -1955, -4613, -1, -1, 0, 574, 2425, 103475
1002, 50952386, 4, 0, 0, 0, 0, 0, 0, 0, 0, 1906, -1955, -4613, 0, 0, 0, 560, 2425, 103475
1003, 51002236, 4, 0, 0, 0, 0, 0, 0, 0, 0, 1907, -1955, -4612, 0, 1, 0, 574, 2425, 103475
1004, 51052401, 4, 0, 0, 0, 0, 0, 0, 0, 0, 1907, -1956, -4612, 0, 0, 0, 574, 2425, 103477
1005, 51101874, 4, 0, 0, 0, 0, 0, 0, 0, 0, 1907, -1956, -4612, -1, -1, 0, 560, 2425, 103477
1006, 51152207, 4, 0, 0, 0, 0, 0, 0, 0, 0, 1907, -1956, -4612, -1, -1, 0, 574, 2425, 103477
1007, 51201885, 4, 0, 0, 0, 0, 0, 0, 0, 0, 1906, -1956, -4612, 0, 0, 0, 574, 2425, 103475
1008, 51251857, 4, 0, 0, 0, 0, 0, 0, 0, 0, 1906, -1956, -4612, -1, -1, 0, 560, 2425, 103475
1009, 51301685, 4, 0, 0, 0, 0, 0, 0, 0, 0, 1907, -1956, -4612, 0, 0, 0, 574, 2425, 103475
1010, 51351850, 4, 0, 0, 0, 0, 0, 0, 0, 0, 1906, -1956, -4612, -1, -1, 0, 574, 2424, 103473
1011, 51401339, 4, 0, 0, 0, 0, 0, 0, 0, 0, 1906, -1956, -4611, -1, -1, 0, 560, 2424, 103473
1012, 51451660, 4, 0, 0, 0, 0, 0, 0, 0, 0, 1906, -1956, -4611, 0, 0, 0, 574, 2424, 103473
1013, 51501353, 0, 0, 0, 0, 0, 0, 0, 0, 0, 1906, -1956, -4611, -1, -2, 0, 574, 2425, 103474
1014, 51551304, 0, 0, 0, 0, 0, 0, 0, 0, 0, 1905, -1956, -4612, -2, -2, 1, 560, 2425, 103474
1015, 51601139, 0, 0, 0, 0, 0, 0, 0, 0, 0, 1905, -1956, -4611, -2, -2, 0, 574, 2425, 103474
1016, 51651340, 0, 0, 0, 0, 0, 0, 0, 0, 0, 1905, -1956, -4611, 0, 0, -1, 574, 2425, 103477
1017, 51700771, 0, 0, 0, 0, 0, 0, 0, 0, 0, 1906, -1956, -4611, 1, 0, 0, 560, 2425, 103477
1018, 51751106, 0, 0, 0, 0, 0, 0, 0, 0, 0, 1906, -1956, -4611, 0, 0, 0, 574, 2425, 103477
1019, 51800796, 0, 0, 0, 0, 0, 0, 0, 0, 0, 1906, -1956, -4611, 0, 0, 0, 574, 2424, 103476
1020, 51850738, 0, 0, 0, 0, 0, 0, 0, 0, 0, 1906, -1956, -4611, -1, -2, 0, 560, 2424, 103476
1021, 51900592, 0, 0, 0, 0, 0, 0, 0, 0, 0, 1906, -1956, -4611, -1, -1, 0, 574, 2424, 103476
1022, 51950735, 0, 0, 0, 0, 0, 0, 0, 0, 0, 1906, -1956, -4611, -1, -1, 0, 574, 2424, 103476
1023, 52000209, 0, 0, 0, 0, 0, 0, 0, 0, 0, 1906, -1955, -4610, -1, -1, 0, 560, 2424, 103476
1024, 52050532, 0, 0, 0, 0, 0, 0, 0, 0, 0, 1906, -1955, -4610, 0, 0, 1, 574, 2424, 103476
1025, 52100197, 0, 0, 0, 0, 0, 0, 0, 0, 0, 1906, -1955, -4610, 0, 0, 0, 574, 2424, 103476
1026, 52150159, 0, 0, 0, 0, 0, 0, 0, 0, 0, 1907, -1955, -4610, -1, -2, 1, 560, 2424, 103476
